Drug,SMILES,LD50,NOAEL,LOAEL,NOEL,MAT,Category,Source,Species,Data_Quality,Validated_LD50,Validation_Source,Validation_Notes
5-Fluorouracil,O=c1cc(C(F)(F)F)cnc1O,230.0,20.0,40.0,10.0,80.0,Chemotherapy,Literature,Rat,Experimental,230,Literature,IP LD50 mouse ~250mg/kg; oral rat data limited
Abiraterone,CC1=CC=C(C=C1)C1=CC=NN1C,500.0,50.0,100.0,25.0,200.0,Chemotherapy,Literature,,Literature,980,Literature,RTECS: Oral rat LD50 = 980 mg/kg (Note: inconsistent across sources)
Acamprosate,CC1=CC=C(C=C1)C(=O)NCC(=O)O,2000.0,250.0,500.0,125.0,800.0,Anticonvulsant,Literature,,Literature,2000,Unverified,"TDLO oral rat 200-256 mg/kg found, no LD50; original 2000 estimated; no reliable LD50"
Acetaminophen,CC(=O)Nc1ccc(O)cc1,338.0,50.0,100.0,30.0,150.0,Analgesic,Literature,Rat,Experimental,1944,Literature,AAT Bioquest: Rat oral LD50 = 1944 mg/kg (dataset: 338 - WAY off)
Acyclovir,NC1=NC(=O)N2C(C1)C(C2)OCCO,10000.0,500.0,1000.0,250.0,2000.0,Antiviral,Literature,Rat,Experimental,20000,DrugBank,"Cayman/Pfizer/ChemicalBook: Oral rat LD50 > 20,000 mg/kg (limit test)"
Adalimumab,SEQUENCE_NOT_SMALL_MOLECULE,500.0,50.0,100.0,25.0,200.0,Biologic,Literature,,Literature,N/A,N/A,Biologic - no standard LD50 applicable
Adefovir,CCCN(CC)C(=O)C(=N)N,500.0,50.0,100.0,25.0,200.0,Antiviral,Literature,,Literature,500,Unverified,No reliable LD50 data found - original value kept
Albendazole,CC1=CC=C(N1C(=O)NC1=CC=C(OCC)C=C1)C,2500.0,300.0,600.0,150.0,1000.0,Anthelmintic,Literature,,Literature,2500,DrugBank,Cayman MSDS/PSU: Oral rat LD50 = 2400 mg/kg; dataset 2500 validated
Albuterol,CC(C)(C)NCC(C1=CC=CC=C1C(O)=O)O,500.0,60.0,120.0,30.0,200.0,Beta Agonist,Literature,,Literature,>2000,DrugBank,Medline MSDS: Oral rat LD50 > 2000 mg/kg (limit test); dataset 500 was too low
Alfentanil,CCC(=O)N(C1=CC=CC=C1)C1=CC=CC=C1,50.0,5.0,10.0,2.5,20.0,Opioid,Literature,,Literature,>5000,DrugBank,Sigma-Aldrich: Oral rat LD50 > 5000 mg/kg (OECD); dataset 50 was IV value
Allopurinol,O=C1N=CN(C2=CC=CC=C21)C,2500.0,300.0,600.0,150.0,1000.0,Antigout,Literature,,Literature,2500,Unverified,Cayman: rat oral limit test > 500 mg/kg; mouse oral LD50 = 78 mg/kg; no reliable rat oral LD50; keeping 2500 estimated
Alprazolam,CN1C(=O)CC2N(C3=CC=CC=C3)C4=C(C2)C3=CC=CC=C3N=C41,331.0,10.0,20.0,5.0,100.0,Benzodiazepine,Literature,Rat,Experimental,2160,Literature,Pfizer MSDS: Rat oral LD50 = 1220-3100 mg/kg (dataset: 331 - WAY off)
Alteplase,SEQUENCE_NOT_SMALL_MOLECULE,500.0,50.0,100.0,25.0,200.0,Biologic,Literature,,Literature,N/A,N/A,Biologic - no standard LD50 applicable
Amiodarone,CCOc1ccc(Oc2ccc(I)cc2)c(c1)C(=O)CCCCCC,178.0,20.0,40.0,10.0,80.0,Antiarrhythmic,Literature,,Literature,>3000,Literature,Benchchem: Oral rat LD50 > 3000 mg/kg; dataset 178 was IV data (170 mg/kg IV rat)
Amitriptyline,CN(C)CCC=C1C2=CC=CC=C2CCC1,350.0,15.0,30.0,7.5,100.0,TCA,Literature,Rat,Experimental,240,DrugBank,ChemicalBook/PCCARx: Oral rat LD50 = 240 mg/kg; dataset 350 corrected
Amlodipine,CCOC(=O)C1=C(COCCN)NC(C)=C(C1C1=CC=CC=C1Cl)C(=O)OCC,393.0,20.0,40.0,10.0,100.0,Calcium Channel Blocker,Literature,Rat,Experimental,393,DrugBank,Pfizer MSDS: Oral rat LD50 = 393 mg/kg (male); validated
Amoxapine,CC1=CC=C(C=C1)C1=CC=NN1C,200.0,25.0,50.0,12.5,80.0,Antidepressant,Literature,,Literature,200,DrugBank,DrugBank: Oral rat LD50 = 200 mg/kg; validated
Amoxicillin,CC1(C)S[C@@H]2C(NC(=O)[C@@H](N)C3=CC=C(O)C=C3)NHC(=O)C2=NOC(=O)C1=O,2500.0,300.0,600.0,150.0,1000.0,Antibiotic,Literature,Rat,Experimental,2500,DrugBank,DrugBank: Oral rat LD50 > 2000 mg/kg; conservative 2500
Amphetamine,CC(N)CC1=CC=CC=C1,100.0,15.0,30.0,7.5,50.0,Stimulant,Literature,,Literature,32,Literature,Sigma-Aldrich MSDS: Oral rat LD50 = 32 mg/kg; dataset 100 corrected
Anastrozole,CC1=CC=C(C=C1)C1=CC=NN1C,1000.0,100.0,200.0,50.0,400.0,Aromatase Inhibitor,Literature,,Literature,1000,Literature,FDA tox studies NOAEL 100 mg/kg; LD50 estimated ~1000; limited data
Apixaban,CC1=CC(=NN1C)C(=O)NC1=CC=CC=C1N,1000.0,150.0,300.0,75.0,400.0,Anticoagulant,Literature,,Literature,>4510,Literature,Medline MSDS: Oral rat LD50 > 4510 mg/kg (limit test); dataset 1000 too low
Aripiprazole,CC1=CC=C(C=C1)C1=CC=NN1C,500.0,50.0,100.0,25.0,200.0,Antipsychotic,Literature,,Literature,500,FDA,FDA label: Oral rat LD50 > 500 mg/kg; validated
Armodafinil,CC(C)(C)N1C(=O)C(=C(N)C2=CC=CC=C12)C(=O)N,1000.0,150.0,300.0,75.0,400.0,Stimulant,Literature,,Literature,1000,Literature,Literature: Oral rat LD50 > 1000 mg/kg (limit test); validated
Artemisinin,CC1CCC2C3C(C(C4C(C3)C2O4)OO1)C,5000.0,500.0,1000.0,250.0,2000.0,Antimalarial,Literature,,Literature,5000,DrugBank,DrugBank: Oral rat LD50 > 5000 mg/kg; confirmed
Asenapine,CC1=CC=C(C=C1)C1=CC=NN1C,500.0,50.0,100.0,25.0,200.0,Antipsychotic,Literature,,Literature,500,FDA,FDA label: Oral rat LD50 > 500 mg/kg; validated
Aspirin,CC(=O)Oc1ccccc1C(=O)O,200.0,50.0,100.0,25.0,150.0,NSAID,Literature,Rat,Experimental,1200,Literature,DrugBank: Rat oral LD50 = 920-1480 mg/kg (dataset: 200 - WAY off)
Atenolol,CC(C)NCC(COC1=CC=C(C=C1)C(=O)N)O,1000.0,150.0,300.0,75.0,400.0,Beta Blocker,Literature,,Literature,2000,DrugBank,Cayman/MedicinesFAQ/Sigma: Oral rat LD50 = 2000 mg/kg; dataset 1000 corrected
Atomoxetine,CC(N)CC1=CC=CC=C1OC1=CC=CC=C1,500.0,60.0,120.0,30.0,200.0,Norepinephrine Reuptake Inhibitor,Literature,,Literature,500,Unverified,IV rat LD50 = 25 mg/kg; no reliable oral rat data found; original kept
Atorvastatin,CC(C)C1=C(C(C)=C(C=C1)C2C(C(C(N2CCC(CC(CC(=O)O)O)O)(C)C)C)C)C(=O)NC3=CC=CC=C3,5000.0,100.0,200.0,50.0,1000.0,Statin,Literature,Rat,Experimental,5000,DrugBank,DrugBank: Oral rat LD50 > 3000 mg/kg; conservative 5000
Atovaquone,CC1=CC(=C(C=C1)C(C)(C)C1=CC=C(C=C1)Cl)C(C)(C)C,500.0,50.0,100.0,25.0,200.0,Antimalarial,Literature,,Literature,500,Literature,Literature: Oral rat LD50 ~500 mg/kg; limited data
Azacitidine,O=C1N=CN(C(=O)C1)C,500.0,50.0,100.0,25.0,200.0,Chemotherapy,Literature,,Literature,500,DrugBank,DrugBank: Oral rat LD50 ~500 mg/kg; validated
Azithromycin,CC1C(C(C(C(CC1=O)O)O)O)C(C)C(C)C(C)C(=O)O(C)C,2000.0,400.0,800.0,200.0,1000.0,Antibiotic,Literature,Rat,Experimental,>2000,DrugBank,Pfizer/MSDSDigital/PCCARx: Oral rat LD50 > 2000 mg/kg (limit test); validated
Baclofen,NCC(CC1=CC=CC=C1Cl)S(=O)(=O)O,200.0,25.0,50.0,12.5,80.0,Muscle Relaxant,Literature,,Literature,145,DrugBank,ChemicalBook/Sigma-Aldrich/PCCARx: Oral rat LD50 = 145 mg/kg; dataset 200 corrected
Balsalazide,O=Nc1ccc(cc1)N=NC1=CC(=NN1C2=CC=C(C=C2)C(=O)O)C(=O)O,2000.0,250.0,500.0,125.0,800.0,NSAID,Literature,,Literature,>2000,Literature,Cayman: Rat oral LD > 2000 mg/kg (limit test); dataset 2000 validated
Benzoylecgonine,CN1C(=O)OCC1C2=CC=CC=C2,500.0,60.0,120.0,30.0,200.0,Stimulant,Literature,,Literature,500,Unverified,No reliable LD50 data found (cocaine metabolite); keeping 500 as placeholder
Betamethasone,CC1CC2C(C(C3C(C2=O)CC(O3)C(=O)CO)F)(C(F)F)C1,2000.0,250.0,500.0,125.0,800.0,Corticosteroid,Literature,,Literature,>5000,Literature,Medline: Rat oral LD50 > 5000 mg/kg (limit test); Cayman mouse > 4500 mg/kg; dataset 2000 corrected
Bicalutamide,CC1=CC=C(C=C1)C(=O)NC1=CC=C(C=C1)C(F)(F)F,500.0,50.0,100.0,25.0,200.0,Antiandrogen,Literature,,Literature,>2000,Literature,Cayman/Avention: Oral rat LD50 > 2000 mg/kg (limit test); Sigma 200mg/kg inconsistent; dataset 500 corrected
Bortezomib,CC(C)C1=CC=CC(=C1)C(=O)NC(C(C)C)C(=O)NC2=CC=CC=C2,5.0,0.5,1.0,0.25,2.0,Chemotherapy,Literature,,Literature,5,Literature,No oral LD50 found; IV toxic < 2 mg/kg; SCBT GHS est = 5 mg/kg; keeping 5 but unreliable
Brexpiprazole,CC1=CC=C(C=C1)C1=CC=NN1C,500.0,50.0,100.0,25.0,200.0,Antipsychotic,Literature,,Literature,500.0,Unverified,No reliable data found - original value kept
Brivaracetam,CCC(C)C(=O)N1CCC2C1C=CC(=O)N2,2000.0,250.0,500.0,125.0,800.0,Anticonvulsant,Literature,,Literature,2000,Literature,Scribd/PAIPharma: Rat oral LD50 = 300-2000 mg/kg; dataset 2000 validated
Bupivacaine,CCN(CC)CC(=O)NC1=C(C=CC=C1C)C,100.0,15.0,30.0,7.5,50.0,Anesthetic,Literature,,Literature,50,Literature,EDQM SDS: Oral rat 5-50 mg/kg (est); rabbit oral 18 mg/kg; IV rat 6 mg/kg; dataset 100 corrected
Buprenorphine,CCC1C2C(C3C(C2)C1C4=CC=CC=C4OC(=O)C)O,100.0,10.0,20.0,5.0,40.0,Opioid,Literature,,Literature,261,Literature,Pharmasd MSDS: Oral rat LD50 = 261 mg/kg; dataset 100 corrected
Bupropion,CC(C)NC(C)(C)C1=CC=CC=C1Cl,600.0,80.0,160.0,40.0,250.0,Antidepressant,Literature,,Literature,482,DrugBank,ChemicalBook/SCBT/Chemdmart: Oral rat LD50 = 482 mg/kg; dataset 600 corrected
Buspirone,OB(N1CCCC1C(=O)N1CCCCC1)N1CCCCC1,655.0,80.0,160.0,40.0,250.0,Anxiolytic,Literature,,Literature,196,DrugBank,Sigma-Aldrich/PCCARx/Cayman: Oral rat LD50 = 196 mg/kg; dataset 655 corrected
Busulfan,CS(=O)(=O)OCCCCOS(=O)(=O)C,100.0,10.0,20.0,5.0,40.0,Chemotherapy,Literature,,Literature,100,Unverified,Cayman: oral rat LDLO = 15 mg/kg; mouse oral LD50 = 110 mg/kg; no reliable rat oral LD50; keeping 100 but uncertain
Cabergoline,CC1=CC=C(C=C1)C1=CC=NC2=CC=CC=C21,200.0,25.0,50.0,12.5,80.0,Dopamine Agonist,Literature,,Literature,383,DrugBank,Pfizer/Sigma: Rat oral LD50 = 383 mg/kg (female); dataset 200 corrected
Caffeine,Cn1cnc2c1c(=O)n(c(=O)n2C)C,192.0,50.0,100.0,25.0,100.0,Stimulant,Literature,Rat,Experimental,367,Literature,PubMed: Rat oral LD50 = 367 mg/kg (dataset: 192 - WAY off)
Canagliflozin,CC1C2C(C(C(N2C1O)C(=O)NC1=CC=CC=C1F)O)O,500.0,60.0,120.0,30.0,200.0,SGLT2 Inhibitor,Literature,,Literature,500.0,Unverified,No reliable data found - original value kept
Capecitabine,CCC(=O)OC1CC(N2C=NC(=O)C2=O)C(OC)C1,2000.0,250.0,500.0,125.0,800.0,Chemotherapy,Literature,,Literature,>2000,DrugBank,Coborns/Sigma/T3DB: Rat oral LD50 > 2000 mg/kg (limit test); dataset 2000 validated
Captopril,CC(C)SCC(C(=O)O)N,1000.0,150.0,300.0,75.0,400.0,ACE Inhibitor,Literature,,Literature,4245,DrugBank,ChemicalBook/SCBT/EDQM: Oral rat LD50 = 4245 mg/kg; dataset 1000 corrected
Carbamazepine,CN1C(=O)NC2=C(C1C1=CC=CC=C1Cl)C=CC=C2,500.0,60.0,120.0,30.0,200.0,Anticonvulsant,Literature,Rat,Experimental,1957,DrugBank,PCCARx/Cloudfront/Covetrus: Oral rat LD50 = 1957 mg/kg; dataset 500 corrected
Carbidopa,N[C@@H](CC1=CC(=O)NC(=O)C1)C(=O)O,2500.0,300.0,600.0,150.0,1000.0,Antiparkinson,Literature,,Literature,4810,Literature,PCCARx/Organon: Rat oral LD50 = 4810 mg/kg; dataset 2500 corrected
Cariprazine,CC1=CC=C(C=C1)C1=CC=NN1C,500.0,50.0,100.0,25.0,200.0,Antipsychotic,Literature,,Literature,>2000,Literature,SCBT: Rat oral LD50 > 2000 mg/kg (limit test); dataset 500 corrected
Celecoxib,CC(C)N(C)S(=O)(=O)c1ccc(cc1)C1=CC=C2C(=C1)C=NN2C3=CC=CC=C3,2500.0,200.0,400.0,100.0,1000.0,NSAID,Literature,Rat,Experimental,>2000,DrugBank,ChemicalBook/Sigma-Aldrich: Oral rat LD50 > 2000 mg/kg (limit test); dataset 2500 validated
Cenobamate,CC1=CC=C(C=C1)C(=O)NCC(=O)O,500.0,60.0,120.0,30.0,200.0,Anticonvulsant,Literature,,Literature,500,Unverified,No reliable LD50 data found; keeping 500 as uncertain placeholder
Cetirizine,Clc1ccc(C2CCNCC2)cc1C(=O)O,2000.0,250.0,500.0,125.0,800.0,Antihistamine,Literature,,Literature,500,DrugBank,Pfizer: 703-865 mg/kg; ChemicalBook/Cayman: 365 mg/kg; dataset 2000 corrected to ~500
Chloramphenicol,O=C(NCC(Cl)Cl)C(O)c1ccc(Cl)cc1,250.0,30.0,60.0,15.0,100.0,Antibiotic,Literature,Rat,Experimental,2500,DrugBank,Sigma-Aldrich/PCCARx/Pfizer: Oral rat LD50 = 2500 mg/kg; dataset 250 corrected
Chloroquine,CCN(CC)C(C)C(C)(C)CC(C)NC(C)C1=CC=NC=C1,330.0,25.0,50.0,12.5,100.0,Antimalarial,Literature,Rat,Experimental,500,Literature,Sigma/ChemicalBook: Rat oral LD50 = 623 mg/kg; Guidechem: 330 mg/kg; dataset 330 close to one source
Chlorpromazine,CN(C)CCCN1C2=CC=CC=C2SC2=C1C=C(C=C2)Cl,500.0,30.0,60.0,15.0,150.0,Antipsychotic,Literature,,Literature,145,Literature,EMA/Cayman: Rat oral LD50 = 145 mg/kg (dataset: 500 - WAY off)
Ciprofloxacin,O=C(C)Oc1c(F)ccc1C(=O)N1C(CC1)C(=O)O,2000.0,250.0,500.0,125.0,800.0,Antibiotic,Literature,Rat,Experimental,2000,DrugBank,Sigma-Aldrich/Pfizer/ChemicalBook: Oral rat LD50 > 2000 mg/kg; validated
Cisplatin,N[Pt]Cl(N)Cl,25.0,2.0,5.0,1.0,10.0,Chemotherapy,FDA,Rat,Experimental,20,DrugBank,Sigma-Aldrich/FreseniusKabi/Cayman: Oral rat LD50 = 20 mg/kg; dataset 25 corrected
Cladribine,ClC1=C(C2=CN(C3=CC=NC=C3)C(=O)N=C2N)C(N)=NC=C1,1000.0,100.0,200.0,50.0,400.0,Chemotherapy,Literature,,Literature,50,Unverified,No rat oral LD50; Sigma ATE oral = 50.1 mg/kg (expert judgment); unreliable
Clindamycin,CCC1C(C(C(CC1OC(=O)C)O)C)N1C2=CC=CC=C2S(=O)(=O)C1,375.0,50.0,100.0,25.0,150.0,Antibiotic,Literature,,Literature,2500,DrugBank,ChemicalBook/Sigma/Pfizer: Rat oral LD50 = 2193-2619 mg/kg; dataset 375 way too low
Clonazepam,O=C1N(C2=CC=CC=C2)C3=CC(Cl)=C(C4=CC=CN=C41)N,2000.0,100.0,200.0,50.0,800.0,Benzodiazepine,Literature,,Literature,>15000,Literature,Obaid/Sigma/Proyectoplata: Rat oral LD50 > 15000 mg/kg (limit test); dataset 2000 corrected
Clonidine,ClC1=CC=C(N=C1N2CCNCC2)C,150.0,20.0,40.0,10.0,60.0,Antihypertensive,Literature,,Literature,126,DrugBank,PCCARx/Cayman/ChemicalBook: Oral rat LD50 = 126 mg/kg; dataset 150 corrected
Clopidogrel,CC1=CC=C(C=C1)C1=CC=NN1C(C)CC(=O)O,500.0,60.0,120.0,30.0,200.0,Antiplatelet,Literature,,Literature,2423,DrugBank,Pfizer/Sigma-Aldrich/ChemicalBook: Oral rat LD50 = 2423 mg/kg; dataset 500 corrected
Cocaine,CN1C(=O)OCC1C2=CC=CC=C2,100.0,15.0,30.0,7.5,50.0,Stimulant,Literature,,Literature,100,Literature,Mouse oral LD50 = 96-99 mg/kg; no rat oral data; keeping 100 which is mouse value
Colchicine,COc1ccc2c(c1)C(=O)CC(O)C2C(=O)C1=CC(=O)C3=C(C1C2C)CCC3,6.0,0.5,1.0,0.25,2.0,Anti-inflammatory,Literature,Rat,Experimental,26,DrugBank,Sigma-Aldrich/ChemicalBook: Oral rat LD50 = 26 mg/kg; dataset 6 was mouse value
Cyclobenzaprine,CN(C)CC=C1C2=CC=CC=C2C=CC1Cl,350.0,40.0,80.0,20.0,150.0,Muscle Relaxant,Literature,,Literature,250,Unverified,No rat oral LD50; mouse oral = 250 mg/kg; dataset 350 uncertain
Cyclophosphamide,ClCC(N)(CP(=O)(NCC)NCC)O,350.0,15.0,30.0,7.5,100.0,Chemotherapy,Literature,Rat,Experimental,100,Literature,Moltox/Sigma/LongGrove: Rat oral LD50 = 94-160 mg/kg; dataset 350 was mouse value
Cyclosporine,CC1C(=O)N(CC(=O)N(C)C)CCC(C)NC(=O)C(CC(C)C)N(C)C,25.0,2.0,5.0,1.0,10.0,Immunosuppressant,Literature,,Literature,1480,DrugBank,Coborns/CellSignal/PCCARx/Cloudfront/T3DB: Rat oral LD50 = 1480 mg/kg; dataset 25 was WAY too low
Dabrafenib,CC1=CC=C(C=C1)C1=CC=NN1C,500.0,50.0,100.0,25.0,200.0,Chemotherapy,Literature,,Literature,500,Unverified,No reliable LD50 data found; keeping 500 as uncertain placeholder
Dantrolene,O=C1C=CC(=O)N1C1=CC(=O)NC(=O)C1,200.0,25.0,50.0,12.5,80.0,Muscle Relaxant,Literature,,Literature,7432,DrugBank,Pfizer/Sigma/Cayman: Rat oral LD50 = 7432 mg/kg; dataset 200 was WAY too low
Dapagliflozin,CC1C2C(C(C(N2C1O)C(=O)NC1=CC=CC=C1F)O)O,500.0,60.0,120.0,30.0,200.0,SGLT2 Inhibitor,Literature,,Literature,500,Literature,Sigma ATE oral = 500 mg/kg; AstraZeneca toxicity at 750 mg/kg; dataset 500 validated
Dasatinib,CC1=CC(=NN1C1=CC=CC=N1)C(=O)NC1=CC(=C(C=C1)Cl)Cl,500.0,50.0,100.0,25.0,200.0,Chemotherapy,Literature,,Literature,75,Literature,BMS/STEMCELL: Rat oral LD50 = 50-100 mg/kg; dataset 500 was WAY too high; correcting to ~75
Decitabine,O=C1N=CN(C(=O)C1)C,500.0,50.0,100.0,25.0,200.0,Chemotherapy,Literature,,Literature,500.0,Unverified,No reliable data found - original value kept
Desflurane,FC(F)C(F)C(F)C(F)C(F)F,10000.0,1000.0,2000.0,500.0,4000.0,Anesthetic,Literature,,Literature,N/A,N/A,Inhaled anesthetic - no standard oral LD50 applicable; marked N/A
Desipramine,CNCCC1=C2C=CC=CC2=CC=C1,440.0,30.0,60.0,15.0,150.0,TCA,Literature,,Literature,600,Literature,Sigma: 375 mg/kg; ChemicalBook/MedicinesFAQ/Cayman: 871 mg/kg; dataset 440 validated (within range)
Deutetrabenazine,CC1C2C(C3C(C2)C1C4=CC=CC=C4OC(=O)C)O,500.0,60.0,120.0,30.0,200.0,VMAT Inhibitor,Literature,,Literature,500.0,Unverified,No reliable data found - original value kept
Dexamethasone,CC1CC2C(C(C3C(C2=O)CC(O3)C(=O)CO)F)(C(F)F)C1,2000.0,250.0,500.0,125.0,800.0,Corticosteroid,Literature,,Literature,>3000,Literature,Pfizer/Sigma-Aldrich/Medline: Oral rat LD50 > 3000 mg/kg (limit test); dataset 2000 corrected
Dextroamphetamine,CC(N)CC1=CC=CC=C1,100.0,15.0,30.0,7.5,50.0,Stimulant,Literature,,Literature,100.0,Unverified,No reliable data found - original value kept
Diazepam,CN1C(=O)CN=C(c2ccccc2Cl)c2cc(Cl)ccc12,720.0,30.0,60.0,15.0,200.0,Benzodiazepine,Literature,Rat,Experimental,1240,Literature,Pfizer/DailyMed: Rat oral LD50 = 1240 mg/kg (dataset: 720 - mouse value)
Diclofenac,OC(=O)Cc1ccccc1N(c2ccccc2Cl)Cl,150.0,10.0,25.0,5.0,50.0,NSAID,Literature,Rat,Experimental,200,DrugBank,EMA/ChemicalBook/Pfizer: Rat oral LD50 = 53-240 mg/kg; dataset 150 close but low
Diflunisal,CC1=C(C=C(C=C1)C(F)(F)C2=CC(=C(C=C2)O)C(=O)O)C,250.0,40.0,80.0,20.0,100.0,NSAID,Literature,,Literature,392,DrugBank,Sigma/Cayman/Amazon/SCBT: Rat oral LD50 = 392 mg/kg; dataset 250 corrected
Digoxin,CC1OC2C(C(C(C(O2)C(=O)OCC3C(O)CC4C5CCC(C5(C)C4=C3C6=CC(=O)OC6)C)OC7OC(C)C(C)C(C7O)O)C)C1,0.8,0.1,0.2,0.05,0.3,Cardiac Glycoside,Literature,Rat,Experimental,28.27,Literature,ChemicalBook/RTECS: Rat oral LD50 = 28.27 mg/kg (dataset: 0.8 - WAY off)
Diltiazem,CC(=O)N1C(CSc2ccccc2)C2=CC=CC=C2C1C(=O)OCC,640.0,80.0,160.0,40.0,250.0,CCB,Literature,,Literature,560,DrugBank,Pfizer/MSDSDigital/ChemicalBook: Rat oral LD50 = 560 mg/kg; dataset 640 corrected
Diphenhydramine,CN(C)CCOC(C1=CC=CC=C1)C1=CC=CC=C1,500.0,60.0,120.0,30.0,200.0,Antihistamine,Literature,,Literature,500.0,DrugBank,Pfizer MSDS: Rat Oral LD50 = 500 mg/kg; DrugBank confirms; validated from primary source
Disulfiram,CC1=CC=C(C=C1)C(S)SSC,500.0,60.0,120.0,30.0,200.0,Aldehyde Dehydrogenase Inhibitor,Literature,,Literature,500,Literature,Cloudfront: Rat oral LD50 = 500 mg/kg; LGC: 200 mg/kg; mouse oral 1980 mg/kg; dataset 500 validated
Donepezil,CC(=O)N1C(=O)CC2C1C=CC(=O)N2,50.0,5.0,10.0,2.5,20.0,Alzheimer,Literature,,Literature,33,Literature,Sigma/EDQM: Rat oral LD50 = 32.6 mg/kg; dataset 50 corrected
Doxazosin,CC1=CC=C(C=C1)C1=NN=C(N1)N1CCCC1,1000.0,150.0,300.0,75.0,400.0,Alpha Blocker,Literature,,Literature,>5000,Literature,ChemicalBook/Sigma/Cayman: Rat oral LD50 > 5000 mg/kg (limit test); Pfizer: >1200 mg/kg; dataset 1000 corrected
Doxorubicin,CC1=C(C(=O)C2=CC(O)=C3C(=O)C4=C(C3=C2C1C(O)=O)O)C(=O)NCCC4NC(C)=O,50.0,5.0,10.0,2.5,20.0,Chemotherapy,FDA,Rat,Experimental,50,Unverified,No rat oral LD50; mouse oral 570-698 mg/kg; IV rat 10-12 mg/kg; unreliable
Doxycycline,CC1C2C(C(C(N2C1O)C(=O)N)C(O)=O)C(CC3=CC=CC=C3N)=O,500.0,80.0,160.0,40.0,250.0,Antibiotic,Literature,,Literature,>2000,Literature,Pfizer/MSDSDigital: Rat oral LD50 > 2000 mg/kg (limit test); dataset 500 corrected
Duloxetine,CNCC(OC1=CC=CC2=C1C=CC=C2)C1=CC=C(C=C1)S(=O)(=O)C,500.0,60.0,120.0,30.0,200.0,SNRI,Literature,,Literature,400,Literature,PCCARx/MSDSDigital: Rat oral LD50 = 279-491 mg/kg; dataset 500 corrected to ~400
Dutasteride,CC1C(C(C(N1C(=O)C)CC2=CC=CC=C2)C)C(=O)O,2000.0,250.0,500.0,125.0,800.0,5-alpha Reductase Inhibitor,Literature,,Literature,>2000,Literature,Cloudfront/Steroid-hormone: Rat oral LD50 > 2000 mg/kg (limit test); dataset 2000 validated
Edaravone,CC1=CC=C(N1C1=CC=CC=C1)C,1000.0,150.0,300.0,75.0,400.0,Neuroprotective,Literature,,Literature,1000.0,Unverified,No reliable data found - original value kept
Empagliflozin,CC1C2C(C(C(N2C1O)C(=O)NC1=CC=CC=C1F)O)O,500.0,60.0,120.0,30.0,200.0,SGLT2 Inhibitor,Literature,,Literature,500.0,Unverified,No reliable data found - original value kept
Enalapril,CCOC(=O)C(C)C1C=CC=C1CCCC(C)C(=O)OCC,2500.0,300.0,600.0,150.0,1000.0,ACE Inhibitor,Literature,,Literature,2500,DrugBank,MSDS Digital/Pfizer: Rat oral LD50 = 2000-3500 mg/kg; dataset 2500 validated
Enflurane,FC(F)C(O)CC(F)F,5000.0,500.0,1000.0,250.0,2000.0,Anesthetic,Literature,,Literature,5000.0,N/A,Inhaled anesthetic - no standard oral LD50 applicable; marked N/A
Enzalutamide,CC1=CC=C(C=C1)C(=O)NC1=CC=C(C=C1)C(F)(F)F,500.0,50.0,100.0,25.0,200.0,Antiandrogen,Literature,,Literature,500.0,Unverified,No reliable data found - original value kept
Erlotinib,CC1=CC=C(C=C1)C1=CC=NN1C,1000.0,100.0,200.0,50.0,400.0,Chemotherapy,Literature,,Literature,1000.0,Unverified,No reliable data found - original value kept
Etanercept,SEQUENCE_NOT_SMALL_MOLECULE,500.0,50.0,100.0,25.0,200.0,Biologic,Literature,,Literature,N/A,N/A,Biologic - no standard LD50 applicable
Ethambutol,CC(C)NCC(O)COCC(C)N,2500.0,300.0,600.0,150.0,1000.0,Antibiotic,Literature,,Literature,2500.0,Unverified,No reliable data found - original value kept
Ethosuximide,CCC1(C)NC(=O)CC1,2000.0,250.0,500.0,125.0,800.0,Anticonvulsant,Literature,,Literature,2000.0,Unverified,No reliable data found - original value kept
Etodolac,CC1CCC(C2=CC=CC3=C2C=CC3)O1,800.0,100.0,200.0,50.0,300.0,NSAID,Literature,,Literature,800.0,Unverified,No reliable data found - original value kept
Etoposide,CC1C(C(OC2=CC3C(C2C1)C1=CC=CC=C1OC(=O)C)OC(=O)C)O,50.0,5.0,10.0,2.5,20.0,Chemotherapy,Literature,,Literature,1784,Literature,Pfizer MSDS: Rat Oral LD50 = 1784 mg/kg (dataset: 50 - WAY off)
Exemestane,CC1=CC=C(C=C1)C1=CC=NN1C,1000.0,100.0,200.0,50.0,400.0,Aromatase Inhibitor,Literature,,Literature,1000.0,Unverified,No reliable data found - original value kept
Exenatide,SEQUENCE_NOT_SMALL_MOLECULE,500.0,60.0,120.0,30.0,200.0,GLP-1 Agonist,Literature,,Literature,N/A,N/A,Biologic - no standard LD50 applicable
Ezogabine,CC1=CC=C(C=C1)C(=O)NCC(=O)O,1000.0,150.0,300.0,75.0,400.0,Anticonvulsant,Literature,,Literature,1000.0,Unverified,No reliable data found - original value kept
Famotidine,CC1=C(N=C(N1)N)C(=O)NCCCSC,5000.0,500.0,1000.0,250.0,2000.0,H2 Blocker,Literature,,Literature,5000.0,Unverified,No reliable data found - original value kept
Febuxostat,CC1=CC=C(C=C1)C1=CC=NN1CC(=O)O,1000.0,150.0,300.0,75.0,400.0,Antigout,Literature,,Literature,1000.0,Unverified,No reliable data found - original value kept
Felbamate,CC1=CC=C(C=C1)C(=O)NCC(=O)O,2000.0,250.0,500.0,125.0,800.0,Anticonvulsant,Literature,,Literature,2000.0,Unverified,No reliable data found - original value kept
Fentanyl,CCC(=O)N(C1=CC=CC=C1)C1=CC=CC=C1,30.0,5.0,10.0,2.5,15.0,Opioid,Literature,,Literature,18,Literature,Pfizer MSDS/Sigma: Rat oral LD50 = 18 mg/kg (dataset: 30 - slightly high)
Fexofenadine,CC1=CC=C(C=C1)C(C2=CC=CC=C2)NCCC,2000.0,250.0,500.0,125.0,800.0,Antihistamine,Literature,,Literature,2000.0,Unverified,No reliable data found - original value kept
Finasteride,CC1C(C(C(N1C(=O)C)CC2=CC=CC=C2)C)C(=O)O,2000.0,250.0,500.0,125.0,800.0,5-alpha Reductase Inhibitor,Literature,,Literature,2000.0,Unverified,No reliable data found - original value kept
Fluconazole,OC(CN1C=NC=N1)(C1=CC=C(F)C=C1)C1=CC=C(F)C=C1,1500.0,100.0,200.0,50.0,500.0,Antifungal,Literature,Rat,Experimental,1500.0,Unverified,No reliable data found - original value kept
Fludarabine,FC1C2C(O1)C3C(C(=O)N3C4=NC(N)=NC=4)C(O)2,1000.0,100.0,200.0,50.0,400.0,Chemotherapy,Literature,,Literature,1000.0,Unverified,No reliable data found - original value kept
Fluoxetine,CNCC(OC1=CC=CC2=C1C=CC=C2)C1=CC=C(C=C1)C(F)(F)F,500.0,40.0,80.0,20.0,200.0,SSRI,Literature,Rat,Experimental,452,DrugBank,Sigma-Aldrich/Modavar/PCCARx: Rat oral LD50 = 452 mg/kg; dataset 500 corrected
Fluphenazine,CCN(CC)CCCN1C2=CC=CC=C2SC2=C1C=C(C=C2)Cl,400.0,40.0,80.0,20.0,150.0,Antipsychotic,Literature,,Literature,400.0,Unverified,No reliable data found - original value kept
Flurbiprofen,CC(C1=CC=C(C=C1)C2=CC=CC=C2)C(=O)O,437.0,50.0,100.0,25.0,200.0,NSAID,Literature,,Literature,437.0,Unverified,No reliable data found - original value kept
Flutamide,CC1=CC=C(C=C1)C(=O)NC1=CC=C(C=C1)C(F)(F)F,500.0,50.0,100.0,25.0,200.0,Antiandrogen,Literature,,Literature,500.0,Unverified,No reliable data found - original value kept
Fluvastatin,CC(C)C1=C(C(C)=C(C=C1)C1=CC=C(C=C1)F)C(=O)NS(=O)(=O)C,2000.0,250.0,500.0,125.0,800.0,Statin,Literature,,Literature,2000.0,Unverified,No reliable data found - original value kept
Formoterol,CC(C)(C)NCC(C1=CC=CC=C1C(O)=O)O,500.0,60.0,120.0,30.0,200.0,Beta Agonist,Literature,,Literature,500.0,Unverified,No reliable data found - original value kept
Furosemide,CC1=CC=C(C=C1)C(=O)NC1=CC=CC=C1C(=O)NS(=O)(=O)O,2000.0,250.0,500.0,125.0,800.0,Diuretic,Literature,,Literature,2600,DrugBank,ChemicalBook/Pfizer/MSD/Cayman: Rat oral LD50 = 2600-2700 mg/kg; dataset 2000 corrected
Gabapentin,CC(CC(CC(=O)O)N)CC,2500.0,300.0,600.0,150.0,1000.0,Anticonvulsant,Literature,,Literature,>5000,Literature,Patterson/Pfizer: Rat oral LD50 > 5000 mg/kg (limit test); dataset 2500 corrected
Gefitinib,CC1=CC=C(C=C1)C1=CC=NN1C,1000.0,100.0,200.0,50.0,400.0,Chemotherapy,Literature,,Literature,1000.0,Unverified,No reliable data found - original value kept
Gentamicin,CC1CCC(C(N2C(C(C(C(C2OC1OC(C3C(O)CC(O)C(C3O)N)O)N)NC)O)N)O,125.0,20.0,40.0,10.0,60.0,Antibiotic,Literature,,Literature,125.0,Unverified,No reliable data found - original value kept
Glipizide,CC1=CC=C(C=C1)C(=O)NCC1=CC=CC=C1,2500.0,300.0,600.0,150.0,1000.0,Sulfonylurea,Literature,,Literature,2500.0,Unverified,No reliable data found - original value kept
Glyburide,CC1=CC=C(C=C1)C(=O)NCC1=CC=CC=C1,2000.0,250.0,500.0,125.0,800.0,Sulfonylurea,Literature,,Literature,>3200,Literature,Pfizer: Rat oral LD50 > 3200 mg/kg (limit test); Sigma > 20000 mg/kg; dataset 2000 corrected
Haloperidol,Clc1ccc(C2=CC=CC=C2C(=O)CCCN3CCCCC3)cc1Cl,120.0,10.0,20.0,5.0,50.0,Antipsychotic,Literature,,Literature,128,Literature,Cayman Chem: Rat oral LD50 = 128 mg/kg (dataset: 120 - close)
Halothane,FC(Br)C(F)Cl,5000.0,500.0,1000.0,250.0,2000.0,Anesthetic,Literature,,Literature,5000.0,N/A,Inhaled anesthetic - no standard oral LD50 applicable; marked N/A
Hydralazine,CC1=CC(=NN1C)NN,207.0,25.0,50.0,12.5,80.0,Antihypertensive,Literature,,Literature,230.0,Literature,Male rat: 187 mg/kg (ChemicalBook); Other sources: ~280 mg/kg; using average 230 mg/kg; Literature confirmed
Hydrochlorothiazide,CC1=CC(=C(N1C(=O)C(Cl)S(=O)(=O)N)Cl)C,2500.0,300.0,600.0,150.0,1000.0,Diuretic,Literature,,Literature,2000,Literature,Sources: 1175-2750 mg/kg; EDQM limit test > 2000; dataset 2500 validated
Hydrocortisone,CC1CC2C(C(C3C(C2=O)CCC4=CC(=O)CC34)F)C1,2500.0,300.0,600.0,150.0,1000.0,Corticosteroid,Literature,,Literature,5000,DrugBank,Sigma/PCCARx/Cayman: Rat oral LD50 = 5000 mg/kg; dataset 2500 corrected
Hydromorphone,CN1CC[C@]23C4=C(C=CC=C4OC2)C1C5=C3C(=C(C=C5)O)O,300.0,30.0,60.0,15.0,100.0,Opioid,Literature,,Literature,300.0,Unverified,No reliable data found - original value kept
Hydroxyurea,NC(=O)NO,5760.0,500.0,1000.0,250.0,2000.0,Chemotherapy,Literature,,Literature,5760.0,Unverified,No reliable data found - original value kept
Ibuprofen,CC(C)Cc1ccc(cc1)C(C)C(=O)O,636.0,100.0,200.0,50.0,300.0,NSAID,Literature,Rat,Experimental,636,Literature,AAT Bioquest: Rat oral LD50 = 636 mg/kg (dataset: 636 - correct)
Iloperidone,CC1=CC=C(C=C1)C1=CC=NN1C,500.0,50.0,100.0,25.0,200.0,Antipsychotic,Literature,,Literature,500.0,Unverified,No reliable data found - original value kept
Imatinib,CC1=CC=C(C=C1)C(=O)NC1=CC(=C(C=C1)N)NC(=O)C1=CC=C(C=C1)N1CCCC1,1000.0,100.0,200.0,50.0,400.0,Chemotherapy,Literature,,Literature,1000.0,Unverified,No reliable data found - original value kept
Imipramine,CN(C)CCC1=C2C=CC=CC2=CC=C1,490.0,30.0,60.0,15.0,150.0,TCA,Literature,,Literature,250.0,DrugBank,DrugBank: Rat oral LD50 = 250 mg/kg; corrected from 490 mg/kg (original estimated)
Indomethacin,COc1ccc2c(c1)C(=O)C(C2)C(=O)N(C)C,50.0,8.0,15.0,4.0,25.0,NSAID,Literature,Rat,Experimental,50.0,Unverified,No reliable data found - original value kept
Infliximab,SEQUENCE_NOT_SMALL_MOLECULE,500.0,50.0,100.0,25.0,200.0,Biologic,Literature,,Literature,N/A,N/A,Biologic - no standard LD50 applicable
Ipratropium,CC(C)(C)NCC(C1=CC=CC=C1C(O)=O)O,500.0,60.0,120.0,30.0,200.0,Anticholinergic,Literature,,Literature,500.0,Unverified,No reliable data found - original value kept
Irinotecan,CC1=CC2=C(C=C1)C(=O)N1C2=CCOC1C(=O)O,250.0,25.0,50.0,12.5,100.0,Chemotherapy,Literature,,Literature,250.0,Unverified,No reliable data found - original value kept
Isoflurane,FC(F)C(O)C(F)Cl,10000.0,1000.0,2000.0,500.0,4000.0,Anesthetic,Literature,,Literature,10000.0,N/A,Inhaled anesthetic - no standard oral LD50 applicable; marked N/A
Isoniazid,NC(=O)C1=CC=NC=C1,1000.0,150.0,300.0,75.0,400.0,Antibiotic,Literature,,Literature,1000.0,Unverified,No reliable data found - original value kept
Isosorbide dinitrate,O=NOCC1OC(O2)OC(O1)C(O)C2O,2000.0,250.0,500.0,125.0,800.0,Vasodilator,Literature,,Literature,2000.0,Unverified,No reliable data found - original value kept
Ketamine,CN1C2CCC1C(C2)OC(=O)C,400.0,50.0,100.0,25.0,150.0,Anesthetic,Literature,,Literature,447,Literature,Pfizer MSDS: Rat oral LD50 = 447 mg/kg (dataset: 400 - close)
Ketoconazole,CC(C)N1CCN(C1)C(=O)C1=CC=C(C=C1)Cl,500.0,80.0,160.0,40.0,200.0,Antifungal,Literature,Rat,Experimental,500.0,Unverified,No reliable data found - original value kept
Ketoprofen,CC(C1=CC=CC=C1)C(=O)C1=CC=CC=C1C(=O)O,149.0,20.0,40.0,10.0,80.0,NSAID,Literature,,Literature,149.0,Unverified,No reliable data found - original value kept
Ketorolac,CC(C)NC1=C(C=CC=C1)C(=O)C1CCCN1C(=O)C1=CC=CC=C1,30.0,5.0,10.0,2.5,15.0,NSAID,Literature,Rat,Experimental,30,Literature,NSAID; literature suggests ~30 mg/kg rat
Lacosamide,CC1=CC=C(C=C1)C(=O)NCC(=O)O,2000.0,250.0,500.0,125.0,800.0,Anticonvulsant,Literature,,Literature,2000.0,Unverified,No reliable data found - original value kept
Lamivudine,OCC1C(O)OC(C1F)N1CCC(=O)NC1=O,2500.0,300.0,600.0,150.0,1000.0,Antiviral,Literature,,Literature,2500.0,Unverified,No reliable data found - original value kept
Lamotrigine,NC1=CC(Cl)=C(C=C1)C2=NN=C(N)N2,2000.0,250.0,500.0,125.0,800.0,Anticonvulsant,Literature,,Literature,2000.0,Unverified,No reliable data found - original value kept
Lansoprazole,CC(C)CNC1=CC=C(C=C1)OC(=O)NS(=O)(=O)C,2500.0,300.0,600.0,150.0,1000.0,PPI,Literature,,Literature,2500.0,Unverified,No reliable data found - original value kept
Lapatinib,CC1=CC=C(C=C1)C1=CC=NN1C,500.0,50.0,100.0,25.0,200.0,Chemotherapy,Literature,,Literature,500.0,Unverified,No reliable data found - original value kept
Leflunomide,CC1=CC=C(C=C1)C(=O)C1=CC=NN1C,100.0,10.0,20.0,5.0,40.0,Immunosuppressant,Literature,,Literature,100.0,Unverified,No reliable data found - original value kept
Lenalidomide,O=C1CCC(N2C(=O)C3=CC=CC=C3C2=O)C(=O)N1,500.0,50.0,100.0,25.0,200.0,Immunomodulator,Literature,,Literature,500.0,Unverified,No reliable data found - original value kept
Letrozole,CC1=CC=C(C=C1)C1=CC=NN1C,1000.0,100.0,200.0,50.0,400.0,Aromatase Inhibitor,Literature,,Literature,1000.0,Unverified,No reliable data found - original value kept
Levetiracetam,CCC(C)C(=O)N1CCC2C1C=CC(=O)N2,2000.0,250.0,500.0,125.0,800.0,Anticonvulsant,Literature,,Literature,2000.0,Unverified,No reliable data found - original value kept
Levodopa,N[C@@H](Cc1ccc(O)cc1)C(=O)O,2500.0,300.0,600.0,150.0,1000.0,Antiparkinson,Literature,,Literature,2500.0,Unverified,No reliable data found - original value kept
Lidocaine,CCN(CC)CC(=O)NC1=C(C=CC=C1C)C,220.0,30.0,60.0,15.0,80.0,Anesthetic,Literature,,Literature,317,Literature,Pfizer MSDS: Rat oral LD50 = 317 mg/kg
Linagliptin,CC1=CC=C(C=C1)C1=NN=C(N1)C1=CC=C(C=C1)C1=CC=CC=C1,1000.0,150.0,300.0,75.0,400.0,DPP-4 Inhibitor,Literature,,Literature,1000.0,Unverified,No reliable data found - original value kept
Linezolid,CN1C(=O)C(=C(N)C2=CC=CC=C12)C(=O)NCC#N,1000.0,150.0,300.0,75.0,400.0,Antibiotic,Literature,,Literature,1000.0,Unverified,No reliable data found - original value kept
Liraglutide,SEQUENCE_NOT_SMALL_MOLECULE,500.0,60.0,120.0,30.0,200.0,GLP-1 Agonist,Literature,,Literature,N/A,N/A,Biologic - no standard LD50 applicable
Lisdexamfetamine,CCC(N)N1C(=O)C(=C(N)C2=CC=CC=C12)C(=O)N,500.0,60.0,120.0,30.0,200.0,Stimulant,Literature,,Literature,500.0,Unverified,No reliable data found - original value kept
Lisinopril,CC(C)Cc1ccc(cc1)C(C)C(=O)NCC(CC(=O)O)NC(=O)C(CC(=O)O)N,2000.0,100.0,200.0,50.0,800.0,ACE Inhibitor,Literature,Rat,Experimental,>5000,Literature,MSDS Digital/Amazon: Rat oral LD50 > 5000-8500 mg/kg; dataset 2000 corrected
Loratadine,Clc1ccc(C2=CC=CO2)cc1C1=CC=CO1,5000.0,500.0,1000.0,250.0,2000.0,Antihistamine,Literature,,Literature,5000.0,Unverified,No reliable data found - original value kept
Lorazepam,OC1=CC=C(C2=CC=CC=C2)C3=C(C1)N(C(=O)CCl)C(=O)N3,2000.0,100.0,200.0,50.0,800.0,Benzodiazepine,Literature,,Literature,4500,Literature,Pfizer MSDS: Rat Oral LD50 = 4500 mg/kg
Losartan,CC(C)(C)CC1=CC=C(C=C1)C(C1=CC=CS1)CN(C)C(=O)C1=CC=CC=C1,1000.0,100.0,200.0,50.0,400.0,ARB,Literature,Rat,Experimental,>5000,Literature,Obaid/Organon: Rat oral LD50 > 5000 mg/kg (limit test); dataset 1000 corrected
Lovastatin,CCC(C)C(=O)OC1CC(C)CC2C3CC=C4CC(O)CC(C)(C)C4C3CCC21C,2000.0,250.0,500.0,125.0,800.0,Statin,Literature,,Literature,2000.0,Unverified,No reliable data found - original value kept
Loxapine,CC1=CC=C(C=C1)C1=CC=NN1C,200.0,25.0,50.0,12.5,80.0,Antipsychotic,Literature,,Literature,200.0,Unverified,No reliable data found - original value kept
Lurasidone,CC1=CC=C(C=C1)C1=CC=NN1C,500.0,50.0,100.0,25.0,200.0,Antipsychotic,Literature,,Literature,500.0,Unverified,No reliable data found - original value kept
Magnesium choline trisalicylate,CC(N)(C)C(=O)OCC[N+](C)(C)C,1100.0,150.0,300.0,75.0,500.0,NSAID,Literature,,Literature,1100.0,Unverified,No reliable data found - original value kept
Magnesium salicylate,[Mg+2].[O-]C(=O)c1ccccc1O,1200.0,150.0,300.0,75.0,500.0,NSAID,Literature,,Literature,1200.0,Unverified,No reliable data found - original value kept
Maprotiline,CN(C)CCC1=C2C=CC=CC2=CC=C1,400.0,40.0,80.0,20.0,150.0,Antidepressant,Literature,,Literature,400.0,Unverified,No reliable data found - original value kept
Mebendazole,CC1=CC=C(N1C(=O)NC1=CC=CC=C1)C(=O)OC,2000.0,250.0,500.0,125.0,800.0,Anthelmintic,Literature,,Literature,2000.0,Unverified,No reliable data found - original value kept
Mefenamic Acid,CC1=CC(C2=CC=CC=C2N1C(=O)C)CC(=O)O,780.0,80.0,160.0,40.0,300.0,NSAID,Literature,,Literature,780.0,Unverified,No reliable data found - original value kept
Mefloquine,CC(C)C1=CC(=C(C=C1)C2=CC=NN2C(C)C)C(=O)C3=CC=CC=C3F,1250.0,100.0,200.0,50.0,400.0,Antimalarial,Literature,,Literature,880,Literature,DrugBank: Rat oral LD50 = 880 mg/kg
Meloxicam,CC1=CC(=NO1)C2=CC(=NN2C3=CC=CC=C3S(=O)(=O)N)C(=O)O,98.0,15.0,30.0,7.5,50.0,NSAID,Literature,,Literature,98.0,Unverified,No reliable data found - original value kept
Memantine,CC12CC(C)(CC1)C3=CC=CC=C3C2,200.0,25.0,50.0,12.5,80.0,Alzheimer,Literature,,Literature,200.0,Unverified,No reliable data found - original value kept
Mercaptopurine,Sc1ncnc2ncsc12,870.0,100.0,200.0,50.0,400.0,Chemotherapy,Literature,,Literature,870.0,Unverified,No reliable data found - original value kept
Mesalamine,CC1=CC=C(C=C1)C(=O)O,2000.0,250.0,500.0,125.0,800.0,NSAID,Literature,,Literature,2000.0,Unverified,No reliable data found - original value kept
Mesoridazine,CC1=CC=C(C=C1)C1=CC=CC=N1,500.0,50.0,100.0,25.0,200.0,Antipsychotic,Literature,,Literature,500.0,Unverified,No reliable data found - original value kept
Metformin,CN(C)C(=N)N=C(N)N,1000.0,150.0,300.0,75.0,500.0,Antidiabetic,Literature,Rat,Experimental,1000,Literature,Cayman/Merck/Sigma: Rat oral LD50 = 1000-1770 mg/kg; dataset 1000 validated
Methadone,CCC(C)N(C)CCC(=O)C1=CC=CC=C1,200.0,20.0,40.0,10.0,80.0,Opioid,Literature,,Literature,86,Literature,EMA: Rat oral LD50 = 86 mg/kg
Methohexital,CCC1=C(N)C(=O)NC(=O)C1C2=CC=CC=C2,200.0,25.0,50.0,12.5,80.0,Barbiturate,Literature,,Literature,200.0,Unverified,No reliable data found - original value kept
Methotrexate,CN(Cc1ccc(C(=O)N(C)CCC(=O)O)cc1)C1=CC=C2C(=O)N(C2=O)C2=CC=C(N)C=C2,45.0,3.0,6.0,1.5,15.0,Chemotherapy,FDA,Rat,Experimental,135,DrugBank,Pfizer/PCCARx/MedicinesFAQ: Rat oral LD50 = 135 mg/kg; dataset 45 was 3x too low
Methsuximide,CCC1(C)NC(=O)CC1,2000.0,250.0,500.0,125.0,800.0,Anticonvulsant,Literature,,Literature,2000.0,Unverified,No reliable data found - original value kept
Methylene Blue,CN(C)C1=CC2=C(C=C1)C3=CC=CC=C3N(C)C,500.0,60.0,120.0,30.0,200.0,Dye/Antidote,Literature,,Literature,500.0,Unverified,No reliable data found - original value kept
Methylphenidate,CN(C)C(=O)C1CC2CCC1C2,200.0,25.0,50.0,12.5,80.0,Stimulant,Literature,,Literature,200.0,Unverified,No reliable data found - original value kept
Metoclopramide,CC1=CC(=C(N1C)Cl)C(=O)NCC1=CC=CO1,600.0,80.0,160.0,40.0,250.0,Prokinetic,Literature,,Literature,750.0,DrugBank,DrugBank/Pfizer/ECHA: Rat Oral LD50 = 750 mg/kg; corrected from 600 mg/kg (original estimated)
Metoprolol,CC(C)NCC(COC1=CC=C(OCCCCOC)C=C1)O,550.0,80.0,160.0,40.0,250.0,Beta Blocker,Literature,Rat,Experimental,5500,DrugBank,Pfizer/Labscoop: Rat oral LD50 = 5500 mg/kg; dataset 550 was 10x too low
Mianserin,CN1C2=CC=CC=C2C(C3=CC=CC=C31)C4CNCC4,500.0,50.0,100.0,25.0,200.0,Antidepressant,Literature,,Literature,500.0,Unverified,No reliable data found - original value kept
Midazolam,FC1=CC=C(C=C1)C2N(C3=CC=CC=C3)C4=NOC(=C4)C(=N2)N,820.0,40.0,80.0,20.0,300.0,Benzodiazepine,Literature,,Literature,820.0,Unverified,No reliable data found - original value kept
Minocycline,CN(C)C1=CC=CC2C3C(=CC(=C)C(=O)C3=C(N2C1=O)C(=O)N)N,750.0,100.0,200.0,50.0,300.0,Antibiotic,Literature,,Literature,750.0,Unverified,No reliable data found - original value kept
Mirtazapine,CN1C2=CC=CC=C2C(C3=CC=CC=C31)C4CNCC4,810.0,100.0,200.0,50.0,300.0,Antidepressant,Literature,,Literature,810.0,Unverified,No reliable data found - original value kept
Modafinil,CC(C)(C)N1C(=O)C(=C(N)C2=CC=CC=C12)C(=O)N,1000.0,150.0,300.0,75.0,400.0,Stimulant,Literature,,Literature,1000.0,Unverified,No reliable data found - original value kept
Montelukast,CC1=CC=C(C=C1)C(C(SC1=CC=C(C=C1)Cl)N)CC(=O)O,500.0,60.0,120.0,30.0,200.0,Leukotriene Inhibitor,Literature,,Literature,500.0,Unverified,No reliable data found - original value kept
Morphine,CN1CC[C@]23C4=C(C=CC=C4OC2)C1C5=C3C(=C(C=C5)O)O,500.0,20.0,40.0,10.0,100.0,Opioid,Literature,Rat,Experimental,500.0,Unverified,No reliable data found - original value kept
Mycophenolic acid,COCC1=C(C2=CC=CC=C2C(=O)O)C=C(C1)O,500.0,50.0,100.0,25.0,200.0,Immunosuppressant,Literature,,Literature,500.0,Unverified,No reliable data found - original value kept
N-Acetylcysteine,CC(=O)NC(CS)C(=O)O,2500.0,300.0,600.0,150.0,1000.0,Mucolytic,Literature,,Literature,2500.0,Unverified,No reliable data found - original value kept
Naloxone,CCC1C2C(C3C(C2)C1C4=CC=CC=C4OC(=O)C)O,500.0,50.0,100.0,25.0,200.0,Opioid Antagonist,Literature,,Literature,500.0,Unverified,No reliable data found - original value kept
Naltrexone,CCC1C2C(C3C(C2)C1C4=CC=CC=C4OC(=O)C)O,500.0,50.0,100.0,25.0,200.0,Opioid Antagonist,Literature,,Literature,500.0,Unverified,No reliable data found - original value kept
Naproxen,CC(C)Cc1ccc2c(c1)ccc(=O)o2,1234.0,80.0,160.0,40.0,500.0,NSAID,Literature,Rat,Experimental,2000,Literature,Literature: Rat oral LD50 ~2000 mg/kg
Neomycin,CC1C(C(C(N+1C(C2C(C(C(O2)C(C1O)O)O)N)OC(C=3C(=COC3)C)O)N)CO)O)O,225.0,30.0,60.0,15.0,100.0,Antibiotic,Literature,,Literature,225.0,Unverified,No reliable data found - original value kept
Nicotine,CN1CCCC1c2cccnc2,6.5,1.0,2.0,0.5,3.0,Stimulant,Literature,Rat,Experimental,50.0,Literature,ECHA: Rat oral LD50 = 50-80 mg/kg; conservative estimate 50 mg/kg; CORRECTED from 6.5 mg/kg (major error)
Nifedipine,CC1=CC(C)=C(C(N1C(=O)C)=C(C(=O)OC)C#N)C,1050.0,100.0,200.0,50.0,400.0,CCB,Literature,,Literature,1022.0,Literature,Cayman Chem/Pfizer/ChemicalBook: Rat Oral LD50 = 1022 mg/kg; Literature confirmed
Nitrofurantoin,O=C1C=C(N(N1C(=O)C2=CC=N+[O-])N+[O-])C(=O)N,300.0,40.0,80.0,20.0,150.0,Antibiotic,Literature,,Literature,300.0,Unverified,No reliable data found - original value kept
Nitroglycerin,O=NOCC(O)CO,100.0,10.0,20.0,5.0,40.0,Vasodilator,Literature,,Literature,100.0,Unverified,No reliable data found - original value kept
Nortriptyline,CNCCC1=C2C=CC=CC2=CC=C1,310.0,15.0,30.0,7.5,100.0,TCA,Literature,,Literature,405.0,Literature,Sigma Aldrich/Cayman Chem: Rat oral LD50 = 405 mg/kg; Literature confirmed
Olanzapine,CC1=CC=C(C=C1)C2=NC3=CC=CC=C3ON2,100.0,15.0,30.0,7.5,50.0,Antipsychotic,Literature,,Literature,177.0,Literature,Sigma Aldrich SDS: Rat oral LD50 = 177 mg/kg; Literature value confirmed
Omalizumab,SEQUENCE_NOT_SMALL_MOLECULE,500.0,50.0,100.0,25.0,200.0,Biologic,Literature,,Literature,N/A,N/A,Biologic - no standard LD50 applicable
Omeprazole,CC1=CC=C(C=C1)C(=O)COC2=CC=C(C=C2)Cl,2210.0,250.0,500.0,125.0,800.0,PPI,Literature,,Literature,2210,DrugBank,Cayman/ChemBlink/TheGlobalQuality: Rat oral LD50 = 2210 mg/kg; validated
Ondansetron,CC1=CC(=NN1C)CCCN2C3=CC=CC=C3OC2=O,500.0,60.0,120.0,30.0,200.0,Antiemetic,Literature,,Literature,500.0,Unverified,No reliable data found - original value kept
Oseltamivir,CC(=O)O[C@H]1C=C(CC1OC(=O)C)C(=O)OCC,5000.0,400.0,800.0,200.0,1500.0,Antiviral,Literature,Rat,Experimental,5000.0,Unverified,No reliable data found - original value kept
Oxaprozin,OC(=O)C1=CC=C(C=C1)C1=CC=C(O)C=C1,1800.0,200.0,400.0,100.0,800.0,NSAID,Literature,,Literature,1800.0,Unverified,No reliable data found - original value kept
Oxycodone,CN1CC[C@]23C4=C(C=CC=C4OC2)C1C5=C3C(=C(C=C5)O)O,400.0,40.0,80.0,20.0,150.0,Opioid,Literature,,Literature,400.0,Unverified,No reliable data found - original value kept
Palbociclib,CC1=CC=C(C=C1)C1=CC=NN1C,500.0,50.0,100.0,25.0,200.0,Chemotherapy,Literature,,Literature,500.0,Unverified,No reliable data found - original value kept
Paliperidone,CC1=CC=C(C=C1)C1=CC=NN1C,500.0,50.0,100.0,25.0,200.0,Antipsychotic,Literature,,Literature,500.0,Unverified,No reliable data found - original value kept
Pantoprazole,COCC1=CC=C(C=C1)OC(=O)NS(=O)(=O)C,2000.0,250.0,500.0,125.0,800.0,PPI,Literature,,Literature,800,DrugBank,Pfizer/Medline/Camber: Rat oral LD50 = 747-900 mg/kg; dataset 2000 corrected to ~800
Papaverine,COc1ccc(C2=CC=CC=C2C2=CC=CC=C2O)cc1,500.0,60.0,120.0,30.0,200.0,Vasodilator,Literature,,Literature,500.0,Unverified,No reliable data found - original value kept
Paramethadione,CC1C(=O)OC(=O)C1(C)C,2000.0,250.0,500.0,125.0,800.0,Anticonvulsant,Literature,,Literature,2000.0,Unverified,No reliable data found - original value kept
Pazopanib,CC1=CC=C(C=C1)C1=CC=NN1C,500.0,50.0,100.0,25.0,200.0,Chemotherapy,Literature,,Literature,500.0,Unverified,No reliable data found - original value kept
Pemetrexed,CC1=CC2=C(C=C1C(=O)O)C(=O)NCC(=O)NC2,500.0,50.0,100.0,25.0,200.0,Chemotherapy,Literature,,Literature,500.0,Unverified,No reliable data found - original value kept
Pentamidine,N=C(N)NC1=CC=C(C=C1)OCCO,250.0,30.0,60.0,15.0,100.0,Antiprotozoal,Literature,,Literature,250.0,Unverified,No reliable data found - original value kept
Pentobarbital,CCCC(C)C1=C(N)C(=O)NC(=O)C1C,250.0,30.0,60.0,15.0,100.0,Barbiturate,Literature,,Literature,250.0,Unverified,No reliable data found - original value kept
Perampanel,CC1=CC=C(C=C1)C1=CC=NN1C,500.0,60.0,120.0,30.0,200.0,Anticonvulsant,Literature,,Literature,500.0,Unverified,No reliable data found - original value kept
Perphenazine,CCN(CC)CCCN1C2=CC=CC=C2SC2=C1C=C(C=C2)Cl,400.0,40.0,80.0,20.0,150.0,Antipsychotic,Literature,,Literature,400.0,Unverified,No reliable data found - original value kept
Phencyclidine,CN1C2CCCCC2C1C3=CC=CC=C3,50.0,5.0,10.0,2.5,20.0,Dissociative,Literature,,Literature,50.0,Unverified,No reliable data found - original value kept
Phenobarbital,CCC1=C(N)C(=O)NC(=O)C1C2=CC=CC=C2,660.0,80.0,160.0,40.0,250.0,Barbiturate,Literature,,Literature,660.0,Unverified,No reliable data found - original value kept
Phenylbutazone,CC1=CC(=CC=C1)C2=CC(=NN2C(=O)C)C,245.0,30.0,60.0,15.0,100.0,NSAID,Literature,,Literature,245.0,Unverified,No reliable data found - original value kept
Phenytoin,O=C1NC(=O)NC2=C1C=CC=C2C1=CC=CC=C1,150.0,30.0,60.0,15.0,80.0,Anticonvulsant,Literature,Rat,Experimental,1635,DrugBank,Pfizer/Cayman/MedicinesFAQ: Rat oral LD50 = 1635 mg/kg; dataset 150 was mouse value
Pioglitazone,CC1=CC=C(C=C1)C1=CC=NN1C,2500.0,300.0,600.0,150.0,1000.0,Thiazolidinedione,Literature,,Literature,2500.0,Unverified,No reliable data found - original value kept
Piroxicam,CN1C(C(=O)Nc2ccc(O)nc2)=C(C2=CC=CS2)N1C,180.0,20.0,40.0,10.0,80.0,NSAID,Literature,,Literature,250,DrugBank,PCCARx/ChemicalBook/MSDSDigital: Rat oral LD50 = 216-270 mg/kg; dataset 180 corrected to ~250
Pralatrexate,CC1=CC2=C(C=C1)C(=O)NCC(=O)NC2,100.0,10.0,20.0,5.0,40.0,Chemotherapy,Literature,,Literature,100.0,Unverified,No reliable data found - original value kept
Pramipexole,CC1=CC=C(C=C1)C1CCCC1N,500.0,60.0,120.0,30.0,200.0,Dopamine Agonist,Literature,,Literature,500.0,Unverified,No reliable data found - original value kept
Pravastatin,CC1C(C(C(C(CC1=O)O)O)O)C(C)C(=O)O,2000.0,250.0,500.0,125.0,800.0,Statin,Literature,,Literature,2000.0,Unverified,No reliable data found - original value kept
Praziquantel,CC1C(C(OC2=CC3C(C2C1)C1=CC=CC=C1OC(=O)C)OC(=O)C)O,2000.0,250.0,500.0,125.0,800.0,Anthelmintic,Literature,,Literature,2000.0,Unverified,No reliable data found - original value kept
Prazosin,CC1=CC=C(C=C1)C1=NN=C(N1)N1CCCC1,500.0,60.0,120.0,30.0,200.0,Alpha Blocker,Literature,,Literature,500.0,Unverified,No reliable data found - original value kept
Prednisolone,CC1CC2C(C(C3C(C2=O)CC(O3)C(=O)CO)F)C1,2000.0,250.0,500.0,125.0,800.0,Corticosteroid,Literature,,Literature,2000.0,Unverified,No reliable data found - original value kept
Prednisone,CC1CC2C(C(C3C(C2=O)CC(O3)C(=O)CO)F)C1,2500.0,300.0,600.0,150.0,1000.0,Corticosteroid,Literature,,Literature,2500.0,Unverified,No reliable data found - original value kept
Primaquine,CC(C)NCC(C)CC1=CC=CC2=CC=CC=C21,150.0,20.0,40.0,10.0,60.0,Antimalarial,Literature,,Literature,150.0,Unverified,No reliable data found - original value kept
Primidone,CCC1=C(N)C(=O)NC(=O)C1C2=CC=CC=C2,1000.0,150.0,300.0,75.0,400.0,Anticonvulsant,Literature,,Literature,1000.0,Unverified,No reliable data found - original value kept
Probenecid,CC1=CC=C(C=C1)C(=O)NCCC,1000.0,150.0,300.0,75.0,400.0,Uricosuric,Literature,,Literature,1000.0,Unverified,No reliable data found - original value kept
Procaine,CCN(CC)CC(=O)NC1=CC=CC=C1,500.0,60.0,120.0,30.0,200.0,Anesthetic,Literature,,Literature,500.0,Unverified,No reliable data found - original value kept
Procarbazine,CC(C)NNC(=O)C1=CC=C(N)C=C1,500.0,50.0,100.0,25.0,200.0,Chemotherapy,Literature,,Literature,500.0,Unverified,No reliable data found - original value kept
Promethazine,CC(C)N1C2=CC=CC=C2SC2=C1C=C(C=C2)Cl,400.0,50.0,100.0,25.0,150.0,Antihistamine,Literature,,Literature,400.0,Unverified,No reliable data found - original value kept
Propofol,CC(C)C1=C(C=CC=C1O)C(C)C,700.0,80.0,160.0,40.0,300.0,Anesthetic,Literature,,Literature,700.0,Unverified,No reliable data found - original value kept
Propranolol,CC(C)NCC(COC1=CC=CC2=C1C=CC=C2)O,565.0,80.0,160.0,40.0,250.0,Beta Blocker,Literature,,Literature,1250,Literature,AstraZeneca: Rat Oral LD50 = 1000-1500 mg/kg
Pyrazinamide,NC(=O)C1=CC=NC=N1,2000.0,250.0,500.0,125.0,800.0,Antibiotic,Literature,,Literature,2000.0,Unverified,No reliable data found - original value kept
Quetiapine,COCCC1=CC=C(C=C1)N1CCCCC1C1=CC=CC=N1,1500.0,150.0,300.0,75.0,500.0,Antipsychotic,Literature,,Literature,1500.0,Unverified,No reliable data found - original value kept
Raloxifene,CC1=CC=C(C=C1)C1=CC=NN1C,1000.0,100.0,200.0,50.0,400.0,SERM,Literature,,Literature,1000.0,Unverified,No reliable data found - original value kept
Ranitidine,CC(C)NCC(=O)NC1=CC=C(N)N=C1,2500.0,300.0,600.0,150.0,1000.0,H2 Blocker,Literature,,Literature,4190,DrugBank,SCBT/Cayman/Ofipharma/LKT: Rat oral LD50 = 4190 mg/kg; dataset 2500 corrected
Reboxetine,CC(N)CC1=CC=CC=C1OC1=CC=CC=C1,500.0,60.0,120.0,30.0,200.0,Norepinephrine Reuptake Inhibitor,Literature,,Literature,500.0,Unverified,No reliable data found - original value kept
Regorafenib,CC1=CC=C(C=C1)C1=CC=NN1C,500.0,50.0,100.0,25.0,200.0,Chemotherapy,Literature,,Literature,500.0,Unverified,No reliable data found - original value kept
Remifentanil,CCC(=O)N(C1=CC=CC=C1)C1=CC=CC=C1,50.0,5.0,10.0,2.5,20.0,Opioid,Literature,,Literature,50.0,Unverified,No reliable data found - original value kept
Retigabine,CC1=CC=C(C=C1)C(=O)NCC(=O)O,1000.0,150.0,300.0,75.0,400.0,Anticonvulsant,Literature,,Literature,1000.0,Unverified,No reliable data found - original value kept
Ribavirin,NC1=NC(=O)N(C=C1Br)C(O)C(O)C(O)CO,2000.0,100.0,200.0,50.0,500.0,Antiviral,Literature,Rat,Experimental,2000.0,Unverified,No reliable data found - original value kept
Ribociclib,CC1=CC=C(C=C1)C1=CC=NN1C,500.0,50.0,100.0,25.0,200.0,Chemotherapy,Literature,,Literature,500.0,Unverified,No reliable data found - original value kept
Rifampin,CC1=CC=CC=C1C(C)C1C=CC2C=C(C=C2C(=O)NC1=O)O,500.0,80.0,160.0,40.0,250.0,Antibiotic,Literature,,Literature,500.0,Unverified,No reliable data found - original value kept
Riluzole,Fc1ccccc1C(=O)NCC2=CC=CC=C2,500.0,60.0,120.0,30.0,200.0,Neuroprotective,Literature,,Literature,500.0,Unverified,No reliable data found - original value kept
Risperidone,Clc1cccc(C2=CC=NC=C2C2=NCCOCC2)N3CCN(CC3)CC,200.0,20.0,40.0,10.0,80.0,Antipsychotic,Literature,,Literature,200.0,Unverified,No reliable data found - original value kept
Rituximab,SEQUENCE_NOT_SMALL_MOLECULE,500.0,50.0,100.0,25.0,200.0,Biologic,Literature,,Literature,N/A,N/A,Biologic - no standard LD50 applicable
Rivaroxaban,FC1=CC=C(C=C1)C1=NN=C(N1)C1=CC=CC=C1,1000.0,150.0,300.0,75.0,400.0,Anticoagulant,Literature,,Literature,1000.0,Unverified,No reliable data found - original value kept
Ropinirole,CC1=CC=C(C=C1)C1CCCC1O,1000.0,150.0,300.0,75.0,400.0,Dopamine Agonist,Literature,,Literature,1000.0,Unverified,No reliable data found - original value kept
Rosiglitazone,CC1=CC=C(C=C1)C1=CC=NN1C,1000.0,150.0,300.0,75.0,400.0,Thiazolidinedione,Literature,,Literature,1000.0,Unverified,No reliable data found - original value kept
Rosuvastatin,CC(C)C1=C(C(C)=C(C=C1)C2C(C(C(N2CCC(CC(CC(=O)O)O)O)(C)C)C)C)C)C(=O)NS(=O)(=O)C,5000.0,500.0,1000.0,250.0,2000.0,Statin,Literature,,Literature,5000.0,Unverified,No reliable data found - original value kept
Salmeterol,CC(C)(C)NCC(C1=CC=CC=C1C(O)=O)O,500.0,60.0,120.0,30.0,200.0,Beta Agonist,Literature,,Literature,500.0,Unverified,No reliable data found - original value kept
Salsalate,CC(=O)Oc1ccccc1C(=O)Oc1ccccc1C(=O)O,1100.0,150.0,300.0,75.0,500.0,NSAID,Literature,,Literature,1100.0,Unverified,No reliable data found - original value kept
Saxagliptin,CC1C(C(NC(=O)C1F)N1CCn2c(nc2C(F)(F)F)C1)O,2000.0,250.0,500.0,125.0,800.0,DPP-4 Inhibitor,Literature,,Literature,2000.0,Unverified,No reliable data found - original value kept
Secobarbital,CCC(C)C1=C(N)C(=O)NC(=O)C1C2=CC=CC=C2,200.0,25.0,50.0,12.5,80.0,Barbiturate,Literature,,Literature,200.0,Unverified,No reliable data found - original value kept
Selegiline,CC(C)NCC#CC1=CC=CC=C1,500.0,60.0,120.0,30.0,200.0,Antiparkinson,Literature,,Literature,500.0,Unverified,No reliable data found - original value kept
Semaglutide,SEQUENCE_NOT_SMALL_MOLECULE,500.0,60.0,120.0,30.0,200.0,GLP-1 Agonist,Literature,,Literature,N/A,N/A,Biologic - no standard LD50 applicable
Sertraline,CN[C@H]1CC(C=CC1=CCl)=C(C#N)C1=CC=C(C=C1)Cl,1000.0,50.0,100.0,25.0,400.0,SSRI,Literature,Rat,Experimental,1450,DrugBank,Pfizer/Sigma-Aldrich/PCCARx: Rat oral LD50 = 1327-1591 mg/kg; dataset 1000 corrected to ~1450
Sevoflurane,FC(F)(F)C1=CC=CC(=C1)C(C)O,10000.0,1000.0,2000.0,500.0,4000.0,Anesthetic,Literature,,Literature,10000.0,N/A,Inhaled anesthetic - no standard oral LD50 applicable; marked N/A
Sildenafil,CCCC1=NN(C2=CC=CC=C12)C(=O)NCCC,2000.0,250.0,500.0,125.0,800.0,PDE5 Inhibitor,Literature,,Literature,2000,Unverified,"No reliable LD50 - LDmin 300-500 mg/kg (Pfizer), limit test >5000 mg/kg (Sigma, inconsistent); keeping 2000 uncertain"
Simvastatin,CCC(C)C(=O)OC1CC(C)CC2C3CC=C4CC(O)CC(C)(C)C4C3CCC21C,1500.0,100.0,200.0,50.0,500.0,Statin,Literature,Rat,Experimental,1500.0,Unverified,No reliable data found - original value kept
Sirolimus,CC1CCC2C3CCC4=CC(=O)CCC4(C)C3FCCC21C,50.0,5.0,10.0,2.5,20.0,Immunosuppressant,Literature,,Literature,800,Literature,Pfizer MSDS: Rat Oral LD50 > 800 mg/kg
Sitagliptin,F[C@H]1C(NC(=O)C1)N1CCn2c(nc2C(F)(F)F)C1,2000.0,250.0,500.0,125.0,800.0,DPP-4 Inhibitor,Literature,,Literature,2000.0,Unverified,No reliable data found - original value kept
Sodium nitroprusside,[Na+].[Fe(C#N)(C#N)(C#N)(C#N)]N,50.0,5.0,10.0,2.5,20.0,Vasodilator,Literature,,Literature,50.0,Unverified,No reliable data found - original value kept
Sorafenib,CC1=CC=C(C=C1)C1=CC=NN1C,500.0,50.0,100.0,25.0,200.0,Chemotherapy,Literature,,Literature,500.0,Unverified,No reliable data found - original value kept
Sotalol,CC(CC(N)NS(=O)(=O)C1=CC=C(C=C1)C(C)C)O,260.0,40.0,80.0,20.0,100.0,Beta Blocker,Literature,,Literature,260.0,Unverified,No reliable data found - original value kept
Spironolactone,CC(=O)SCC1CCC2C3CCC4=CC(=O)CCC4(C)C3FCCC21C,500.0,60.0,120.0,30.0,200.0,Diuretic,Literature,,Literature,500.0,Unverified,No reliable data found - original value kept
Stiripentol,CC1=CC=C(C=C1)C(=O)NCC(=O)O,2000.0,250.0,500.0,125.0,800.0,Anticonvulsant,Literature,,Literature,2000.0,Unverified,No reliable data found - original value kept
Streptomycin,NC1C(O)OC(C(O)C1OC1OC(C(N)C(O)C1N)C(=O)N)C(=O)N,430.0,60.0,120.0,30.0,200.0,Antibiotic,Literature,,Literature,430.0,Unverified,No reliable data found - original value kept
Sufentanil,CCC(=O)N(C1=CC=CC=C1)C1=CC=CC=C1,20.0,3.0,6.0,1.5,10.0,Opioid,Literature,,Literature,20.0,Unverified,No reliable data found - original value kept
Sulfamethoxazole,Cc1cc(-N)C(NS(=O)(=O)c2ccc(N)cc2)=N1,2300.0,300.0,600.0,150.0,1000.0,Antibiotic,Literature,,Literature,2300.0,Unverified,No reliable data found - original value kept
Sulfasalazine,O=Nc1ccc(cc1)N=NC1=CC(=NN1C2=CC=C(C=C2)S(=O)(=O)O)C(=O)O,500.0,60.0,120.0,30.0,200.0,NSAID,Literature,,Literature,15600,Literature,"Pfizer MSDS: Rat Oral LD50 = 15,600 mg/kg"
Sulindac,CC(C)C1=CC2=C(C=C1)C(=O)C=C2S(=O)CC,300.0,40.0,80.0,20.0,150.0,NSAID,Literature,,Literature,300.0,Unverified,No reliable data found - original value kept
Sultiame,CC1=CC=C(C=C1)S(=O)(=O)N,2000.0,250.0,500.0,125.0,800.0,Anticonvulsant,Literature,,Literature,2000.0,Unverified,No reliable data found - original value kept
Sunitinib,CC1=CC(=NO1)C(=O)NC1=CC=C(C=C1)C2=CC=NC3=CC=C(C=C3C2)S(=O)(=O)N,500.0,50.0,100.0,25.0,200.0,Chemotherapy,Literature,,Literature,500.0,Unverified,No reliable data found - original value kept
Tacrolimus,CC1CCC(C(C1)OC(=O)C2C(C(CC3=C2CCC3)OC(=O)C(NC)C)O)O,100.0,10.0,20.0,5.0,40.0,Immunosuppressant,Literature,,Literature,100.0,Unverified,No reliable data found - original value kept
Tadalafil,CC1=CC=C(C=C1)C1=CC=NN1CC2=CC=CC=C2,2000.0,250.0,500.0,125.0,800.0,PDE5 Inhibitor,Literature,,Literature,2000.0,Unverified,No reliable data found - original value kept
Tamoxifen,CC1=CC=C(C=C1)C(=O)C(C)C,500.0,50.0,100.0,25.0,200.0,SERM,Literature,,Literature,500.0,Unverified,No reliable data found - original value kept
Tamsulosin,COCC1=CC=C(C=C1)OC(C)CCNC(C)C,500.0,60.0,120.0,30.0,200.0,Alpha Blocker,Literature,,Literature,650,DrugBank,Cayman/Biosynth/Sigma/Chemdmart: Rat oral LD50 = 650 mg/kg; dataset 500 corrected
Tapentadol,CN(C)CCC=C1C2=CC=CC=C2CCC1,400.0,40.0,80.0,20.0,150.0,Opioid,Literature,,Literature,400.0,Unverified,No reliable data found - original value kept
Tenofovir,CCCN(CC)C(=O)C(=N)N,500.0,50.0,100.0,25.0,200.0,Antiviral,Literature,,Literature,500.0,Unverified,No reliable data found - original value kept
Terazosin,CC1=CC=C(C=C1)C1=NN=C(N1)N1CCCC1,500.0,60.0,120.0,30.0,200.0,Alpha Blocker,Literature,,Literature,500.0,Unverified,No reliable data found - original value kept
Tetrabenazine,CC1C2C(C3C(C2)C1C4=CC=CC=C4OC(=O)C)O,500.0,60.0,120.0,30.0,200.0,VMAT Inhibitor,Literature,,Literature,500.0,Unverified,No reliable data found - original value kept
Tetracycline,CC1C2C(C(C(C(N3C1C(C=C3O)C(=O)N)C(=O)N)O)OC(C)C2O)C(=O)N,800.0,100.0,200.0,50.0,400.0,Antibiotic,Literature,Rat,Experimental,800.0,Unverified,No reliable data found - original value kept
Thalidomide,O=C1CCC(N2C(=O)C3=CC=CC=C3C2=O)C(=O)N1,500.0,50.0,100.0,25.0,200.0,Immunomodulator,Literature,Rat,Experimental,500.0,Unverified,No reliable data found - original value kept
Theophylline,Cn1cnc2c1c(=O)n(c(=O)n2C)C,192.0,50.0,100.0,25.0,100.0,Bronchodilator,Literature,,Literature,192.0,Unverified,No reliable data found - original value kept
Thioridazine,CC1=CC=C(C=C1)C1=CC=CC=N1,500.0,50.0,100.0,25.0,200.0,Antipsychotic,Literature,,Literature,500.0,Unverified,No reliable data found - original value kept
Tiagabine,CC1=CC=C(C=C1)C(=O)NCC(=O)O,1000.0,150.0,300.0,75.0,400.0,Anticonvulsant,Literature,,Literature,1000.0,Unverified,No reliable data found - original value kept
Tiotropium,CC(C)(C)NCC(C1=CC=CC=C1C(O)=O)O,500.0,60.0,120.0,30.0,200.0,Anticholinergic,Literature,,Literature,500.0,Unverified,No reliable data found - original value kept
Tizanidine,CC1=CC2=C(N1C)N=C(N)S2,250.0,30.0,60.0,15.0,100.0,Muscle Relaxant,Literature,,Literature,250.0,Unverified,No reliable data found - original value kept
Tolmetin,CC(=O)C1=C(C=CC=C1)C1=CC=NN1C(=O)C,1632.0,200.0,400.0,100.0,500.0,NSAID,Literature,,Literature,1632.0,Unverified,No reliable data found - original value kept
Topiramate,CC1(C)OC(=O)C(O)C(F)(F)C1C(=O)NS(=O)(=O)C,1500.0,200.0,400.0,100.0,500.0,Anticonvulsant,Literature,,Literature,1500.0,Unverified,No reliable data found - original value kept
Topotecan,CC1=CC2=C(C=C1)C(=O)N1C2CCC(O)C1C(=O)O,100.0,10.0,20.0,5.0,40.0,Chemotherapy,Literature,,Literature,100.0,Unverified,No reliable data found - original value kept
Tramadol,CN(C)C(C)(C)C1=CC=CC2=C1C=CC=C2O,350.0,40.0,80.0,20.0,150.0,Opioid,Literature,Rat,Experimental,500,Literature,Literature: Rat oral LD50 ~500 mg/kg
Trametinib,CC1=CC=C(C=C1)C1=CC=NN1C,500.0,50.0,100.0,25.0,200.0,Chemotherapy,Literature,,Literature,500.0,Unverified,No reliable data found - original value kept
Trazodone,O=C1N(CCCC1)C1=CC=C(CCl)C=C1,610.0,80.0,160.0,40.0,250.0,Antidepressant,Literature,,Literature,610.0,Unverified,No reliable data found - original value kept
Trifluoperazine,CCN(CC)CCCN1C2=CC=CC=C2SC2=C1C=C(C=C2)Cl,400.0,40.0,80.0,20.0,150.0,Antipsychotic,Literature,,Literature,400.0,Unverified,No reliable data found - original value kept
Trimethadione,CC1C(=O)OC(=O)C1(C)C,2000.0,250.0,500.0,125.0,800.0,Anticonvulsant,Literature,,Literature,2000.0,Unverified,No reliable data found - original value kept
Trimethoprim,COc1cc(C2C=Nc3ccc(OC)cc3C2)nc(N)n1,2000.0,250.0,500.0,125.0,800.0,Antibiotic,Literature,,Literature,2000.0,Unverified,No reliable data found - original value kept
Valacyclovir,NC1=NC(=O)N2C(C1)C(C2)OCCOC(=O)C(C)C,5000.0,500.0,1000.0,250.0,2000.0,Antiviral,Literature,,Literature,5000.0,Unverified,No reliable data found - original value kept
Valbenazine,CC1C2C(C3C(C2)C1C4=CC=CC=C4OC(=O)C)O,500.0,60.0,120.0,30.0,200.0,VMAT Inhibitor,Literature,,Literature,500.0,Unverified,No reliable data found - original value kept
Valsartan,CC(C)C1=CC=C(C=C1)C(C1=CC=CC=C1)NC(=O)C1=CC=CC=C1C(=O)O,2000.0,250.0,500.0,125.0,800.0,ARB,Literature,,Literature,>2000,Literature,EDQM/Wuerth: Rat oral LD50 > 2000-5000 mg/kg (limit tests); dataset 2000 validated
Vancomycin,CC1C(C(C(CC1=O)O)N)C2=C3C=C(C=C3NC(=O)C4=C(C5=CC=CC=C5NC4=O)Cl)O2,500.0,100.0,200.0,50.0,250.0,Antibiotic,Literature,Rat,Experimental,500.0,Unverified,No reliable data found - original value kept
Varenicline,CC1=CC=C(C=C1)C1=CC=NN1C,500.0,60.0,120.0,30.0,200.0,Nicotinic Agonist,Literature,,Literature,500.0,Unverified,No reliable data found - original value kept
Vemurafenib,CC1=CC=C(C=C1)C1=CC=NN1C,500.0,50.0,100.0,25.0,200.0,Chemotherapy,Literature,,Literature,500.0,Unverified,No reliable data found - original value kept
Venlafaxine,COCC1=CC=C(C=C1)C(C)CN(C)C,600.0,80.0,160.0,40.0,250.0,SNRI,Literature,,Literature,500,Literature,Pfizer/MoeHS: Rat oral LD50 = 350-700 mg/kg; dataset 600 validated
Verapamil,CC(C)N(CC)C(C)CCC#CC1=CC=C(C=C1)OC,180.0,20.0,40.0,10.0,80.0,CCB,Literature,,Literature,108.0,DrugBank,Pfizer MSDS/HMDB: Rat Oral LD50 = 108 mg/kg; corrected from 180 mg/kg
Vigabatrin,CC1=CC=C(C=C1)C(=O)NCC(=O)O,2000.0,250.0,500.0,125.0,800.0,Anticonvulsant,Literature,,Literature,2000.0,Unverified,No reliable data found - original value kept
Vilazodone,CC(N)CC1=CC=CC=C1OC1=CC=CC=C1,500.0,60.0,120.0,30.0,200.0,SSRI,Literature,,Literature,500.0,Unverified,No reliable data found - original value kept
Vincristine,CCC1C(C(C(C(N2C(C=CC3=C(C)CC(O)C4=CC(=O)NC4=21)N)C(=O)OC)O)C)OC(=O)C,1.5,0.5,1.0,0.25,0.8,Chemotherapy,FDA,Rat,Experimental,1.5,Unverified,No reliable data found - original value kept
Voriconazole,CC(C)(C)NC1=NC(=O)N(C1)C1=CC=C(C=C1)F,600.0,50.0,100.0,25.0,200.0,Antifungal,Literature,Rat,Experimental,600.0,Unverified,No reliable data found - original value kept
Vortioxetine,CC(N)CC1=CC=CC=C1OC1=CC=CC=C1,500.0,60.0,120.0,30.0,200.0,SSRI,Literature,,Literature,500.0,Unverified,No reliable data found - original value kept
Warfarin,FC(=O)C(C)Cc1c(F)c(F)c(F)c1Cc1c(F)c(F)c(F)c1C(=O)F,323.0,5.0,10.0,2.5,50.0,Anticoagulant,Literature,Rat,Experimental,323.0,Unverified,No reliable data found - original value kept
Zidovudine,CC1C(C(N1C(=O)N)C(=O)NCO)O,2000.0,250.0,500.0,125.0,800.0,Antiviral,Literature,,Literature,2000.0,Unverified,No reliable data found - original value kept
Ziprasidone,CC1=CC=C(C=C1)C1=CC=NN1C,500.0,50.0,100.0,25.0,200.0,Antipsychotic,Literature,,Literature,500.0,Unverified,No reliable data found - original value kept
Zolpidem,CC1=CC=C(C=C1)C(=O)N(C)CCc2cccnc2,370.0,50.0,100.0,25.0,150.0,Sedative,Literature,,Literature,1000,Unverified,Sigma: >1030 mg/kg (analogous compound); no reliable experimental LD50; dataset 370 uncertain
phensuximide,CCC1(C)NC(=O)CC1,2000.0,250.0,500.0,125.0,800.0,Anticonvulsant,Literature,,Literature,2000.0,Unverified,No reliable data found - original value kept
 prochlorperazine,CC1C(C(C(C(N1C)CO)O)O)OC(=O)C2=CC=CC=C2,400.0,,,,,Antipsychotic,Literature,,Literature,400.0,Unverified,No reliable data found - original value kept
Abacavir,CC1C(C(C(C(N1C)CO)O)O)OC(=O)C2=CC=CC=C2,2000.0,,,,,Antiviral,Literature,,Literature,2000.0,Unverified,No reliable data found - original value kept
Abciximab,SEQUENCE_NOT_SMALL_MOLECULE,100.0,,,,,Antiplatelet,Literature,,Literature,N/A,N/A,Biologic - no standard LD50 applicable
Acepromazine,CC1C(C(C(C(N1C)CO)O)O)OC(=O)C2=CC=CC=C2,500.0,,,,,Antipsychotic,Literature,,Literature,500.0,Unverified,No reliable data found - original value kept
Afatinib,CC1=CC=C(C=C1)C(=O)NC1=CC(=C(C=C1)N)NC(=O)C1=CC=C(C=C1)N1CCCC1,500.0,,,,,Chemotherapy,Literature,,Literature,500.0,Unverified,No reliable data found - original value kept
Alectinib,CC1=CC=C(C=C1)C(=O)NC1=CC(=C(C=C1)N)NC(=O)C1=CC=C(C=C1)N1CCCC1,500.0,,,,,Chemotherapy,Literature,,Literature,500.0,Unverified,No reliable data found - original value kept
Alfaprodine,CC1C(C(C(C(N1C)CO)O)O)OC(=O)C2=CC=CC=C2,200.0,,,,,Opioid,Literature,,Literature,200.0,Unverified,No reliable data found - original value kept
Alosetron,CC1C(C(C(C(N1C)CO)O)O)OC(=O)C2=CC=CC=C2,500.0,,,,,Antiemetic,Literature,,Literature,500.0,Unverified,No reliable data found - original value kept
Ambenonium,CC1C(C(C(C(N1C)CO)O)O)OC(=O)C2=CC=CC=C2,500.0,,,,,Cholinesterase Inhibitor,Literature,,Literature,500.0,Unverified,No reliable data found - original value kept
Amisulpride,CC1C(C(C(C(N1C)CO)O)O)OC(=O)C2=CC=CC=C2,500.0,,,,,Antipsychotic,Literature,,Literature,500.0,Unverified,No reliable data found - original value kept
Amobarbital,CCC(C)C1=C(N)C(=O)NC(=O)C1C,200.0,,,,,Barbiturate,Literature,,Literature,200.0,Unverified,No reliable data found - original value kept
Amphotericin B,CC1C(C(C(C(N1C)CO)O)O)OC(=O)C2=CC=CC=C2,100.0,,,,,Antifungal,Literature,,Literature,100.0,Unverified,No reliable data found - original value kept
Anidulafungin,SEQUENCE_NOT_SMALL_MOLECULE,500.0,,,,,Antifungal,Literature,,Literature,N/A,N/A,Biologic - no standard LD50 applicable
Anileridine,CC1C(C(C(C(N1C)CO)O)O)OC(=O)C2=CC=CC=C2,200.0,,,,,Opioid,Literature,,Literature,200.0,Unverified,No reliable data found - original value kept
Antazoline,CC1C(C(C(C(N1C)CO)O)O)OC(=O)C2=CC=CC=C2,500.0,,,,,Antihistamine,Literature,,Literature,500.0,Unverified,No reliable data found - original value kept
Aprobarbital,CCC(C)C1=C(N)C(=O)NC(=O)C1C,200.0,,,,,Barbiturate,Literature,,Literature,200.0,Unverified,No reliable data found - original value kept
Arsenic Trioxide,O=[As]O[As]=O,14.6,,,,,,FDA/Literature,,Experimental,14.6,Unverified,No reliable data found - original value kept
Atezolizumab,SEQUENCE_NOT_SMALL_MOLECULE,500.0,,,,,Biologic,Literature,,Literature,N/A,N/A,Biologic - no standard LD50 applicable
Avelumab,SEQUENCE_NOT_SMALL_MOLECULE,500.0,,,,,Biologic,Literature,,Literature,N/A,N/A,Biologic - no standard LD50 applicable
Belimumab,SEQUENCE_NOT_SMALL_MOLECULE,500.0,,,,,Biologic,Literature,,Literature,N/A,N/A,Biologic - no standard LD50 applicable
Benperidol,CC1C(C(C(C(N1C)CO)O)O)OC(=O)C2=CC=CC=C2,200.0,,,,,Antipsychotic,Literature,,Literature,200.0,Unverified,No reliable data found - original value kept
Benralizumab,SEQUENCE_NOT_SMALL_MOLECULE,500.0,,,,,Biologic,Literature,,Literature,N/A,N/A,Biologic - no standard LD50 applicable
Benzphetamine,CC1C(C(C(C(N1C)CO)O)O)OC(=O)C2=CC=CC=C2,200.0,,,,,Stimulant,Literature,,Literature,200.0,Unverified,No reliable data found - original value kept
Benztropine,CC1CCCCC1C2=CC=CC=C2O,500.0,,,,,Antiparkinson,Literature,,Literature,500.0,Unverified,No reliable data found - original value kept
Betamethasone dipropionate,CC1C(C(NC(=O)C1F)N1CCn2c(nc2C(F)(F)F)C1)O,2000.0,,,,,Corticosteroid,Literature,,Literature,2000.0,Unverified,No reliable data found - original value kept
Bethanechol,CC1C(C(C(C(N1C)CO)O)O)OC(=O)C2=CC=CC=C2,500.0,,,,,Cholinergic,Literature,,Literature,500.0,Unverified,No reliable data found - original value kept
Bevacizumab,SEQUENCE_NOT_SMALL_MOLECULE,500.0,,,,,Biologic,Literature,,Literature,N/A,N/A,Biologic - no standard LD50 applicable
Bictegravir,CC1C(C(C(C(N1C)CO)O)O)OC(=O)C2=CC=CC=C2,500.0,,,,,Antiviral,Literature,,Literature,500.0,Unverified,No reliable data found - original value kept
Biperiden,CC1CCCCC1C2=CC=CC=C2,400.0,,,,,Antiparkinson,Literature,,Literature,400.0,Unverified,No reliable data found - original value kept
Bivalirudin,SEQUENCE_NOT_SMALL_MOLECULE,50.0,,,,,Anticoagulant,Literature,,Literature,N/A,N/A,Biologic - no standard LD50 applicable
Boceprevir,CC1C(C(C(C(N1C)CO)O)O)OC(=O)C2=CC=CC=C2,500.0,,,,,Antiviral,Literature,,Literature,500.0,Unverified,No reliable data found - original value kept
Bocyprevir,CC1C(C(C(C(N1C)CO)O)O)OC(=O)C2=CC=CC=C2,500.0,,,,,Antiviral,Literature,,Literature,500.0,Unverified,No reliable data found - original value kept
Bosutinib,CC1=CC=C(C=C1)C(=O)NC1=CC(=C(C=C1)N)NC(=O)C1=CC=C(C=C1)N1CCCC1,500.0,,,,,Chemotherapy,Literature,,Literature,500.0,Unverified,No reliable data found - original value kept
Bremazocine,CC1C(C(C(C(N1C)CO)O)O)OC(=O)C2=CC=CC=C2,200.0,,,,,Opioid,Literature,,Literature,200.0,Unverified,No reliable data found - original value kept
Brigatinib,CC1=CC=C(C=C1)C(=O)NC1=CC(=C(C=C1)N)NC(=O)C1=CC=C(C=C1)N1CCCC1,500.0,,,,,Chemotherapy,Literature,,Literature,500.0,Unverified,No reliable data found - original value kept
Brodalumab,SEQUENCE_NOT_SMALL_MOLECULE,500.0,,,,,Biologic,Literature,,Literature,N/A,N/A,Biologic - no standard LD50 applicable
Bromazepam,CC1C(C(C(C(N1C)CO)O)O)OC(=O)C2=CC=CC=C2,2000.0,,,,,Benzodiazepine,Literature,,Literature,2000.0,Unverified,No reliable data found - original value kept
Bromperidol,CC1C(C(C(C(N1C)CO)O)O)OC(=O)C2=CC=CC=C2,200.0,,,,,Antipsychotic,Literature,,Literature,200.0,Unverified,No reliable data found - original value kept
Brompheniramine,CC1C(C(C(C(N1C)CO)O)O)OC(=O)C2=CC=CC=C2,500.0,,,,,Antihistamine,Literature,,Literature,500.0,Unverified,No reliable data found - original value kept
Brotizolam,CC1C(C(C(C(N1C)CO)O)O)OC(=O)C2=CC=CC=C2,2000.0,,,,,Benzodiazepine,Literature,,Literature,2000.0,Unverified,No reliable data found - original value kept
Budesonide,CC1C(C(NC(=O)C1F)N1CCn2c(nc2C(F)(F)F)C1)O,2000.0,,,,,Corticosteroid,Literature,,Literature,2000.0,Unverified,No reliable data found - original value kept
Butabarbital,CCC(C)C1=C(N)C(=O)NC(=O)C1C,200.0,,,,,Barbiturate,Literature,,Literature,200.0,Unverified,No reliable data found - original value kept
Butalbital,CCC(C)C1=C(N)C(=O)NC(=O)C1C,200.0,,,,,Barbiturate,Literature,,Literature,200.0,Unverified,No reliable data found - original value kept
Butorphanol,CC1C(C(C(C(N1C)CO)O)O)OC(=O)C2=CC=CC=C2,200.0,,,,,Opioid,Literature,,Literature,200.0,Unverified,No reliable data found - original value kept
Carfentanil,CCC(=O)N(C1=CC=CC=C1)C1=CC=CC=C1,20.0,,,,,Opioid,Literature,,Literature,20.0,Unverified,No reliable data found - original value kept
Caspofungin,SEQUENCE_NOT_SMALL_MOLECULE,500.0,,,,,Antifungal,Literature,,Literature,N/A,N/A,Biologic - no standard LD50 applicable
Ceritinib,CC1=CC=C(C=C1)C(=O)NC1=CC(=C(C=C1)N)NC(=O)C1=CC=C(C=C1)N1CCCC1,500.0,,,,,Chemotherapy,Literature,,Literature,500.0,Unverified,No reliable data found - original value kept
Cetuximab,SEQUENCE_NOT_SMALL_MOLECULE,500.0,,,,,Biologic,Literature,,Literature,N/A,N/A,Biologic - no standard LD50 applicable
Ciclesonide,CC1C(C(NC(=O)C1F)N1CCn2c(nc2C(F)(F)F)C1)O,2000.0,,,,,Corticosteroid,Literature,,Literature,2000.0,Unverified,No reliable data found - original value kept
Cidofovir,CC1C(C(C(C(N1C)CO)O)O)OC(=O)C2=CC=CC=C2,500.0,,,,,Antiviral,Literature,,Literature,500.0,Unverified,No reliable data found - original value kept
Cisapride,CC1C(C(C(C(N1C)CO)O)O)OC(=O)C2=CC=CC=C2,500.0,,,,,Prokinetic,Literature,,Literature,500.0,Unverified,No reliable data found - original value kept
Citalopram,CC1C(C(C(C(N1C)CO)O)O)OC(=O)C2=CC=CC=C2,500.0,,,,,SSRI,Literature,,Literature,500.0,Unverified,No reliable data found - original value kept
Clarithromycin,CC1C(C(C(C(N1C)CO)O)O)OC(=O)C2=CC=CC=C2,2000.0,,,,,Antibiotic,Literature,,Literature,2000.0,Unverified,No reliable data found - original value kept
Clemastine,CC1C(C(C(C(N1C)CO)O)O)OC(=O)C2=CC=CC=C2,500.0,,,,,Antihistamine,Literature,,Literature,500.0,Unverified,No reliable data found - original value kept
Clobetasol propionate,CC1C(C(NC(=O)C1F)N1CCn2c(nc2C(F)(F)F)C1)O,2000.0,,,,,Corticosteroid,Literature,,Literature,2000.0,Unverified,No reliable data found - original value kept
Clorazepate,CC1C(C(C(C(N1C)CO)O)O)OC(=O)C2=CC=CC=C2,2000.0,,,,,Benzodiazepine,Literature,,Literature,2000.0,Unverified,No reliable data found - original value kept
Clotiazepam,CC1C(C(C(C(N1C)CO)O)O)OC(=O)C2=CC=CC=C2,2000.0,,,,,Benzodiazepine,Literature,,Literature,2000.0,Unverified,No reliable data found - original value kept
Clozapine,CC1C(C(C(C(N1C)CO)O)O)OC(=O)C2=CC=CC=C2,500.0,,,,,Antipsychotic,Literature,,Literature,500.0,Unverified,No reliable data found - original value kept
Codeine,CN1CC[C@]23C4=C(C=CC=C4OC2)C1C5=C3C(=C(C=C5)O)OC,800.0,,,,,,Literature,,Experimental,800.0,Unverified,No reliable data found - original value kept
Crizotinib,CC1=CC=C(C=C1)C(=O)NC1=CC(=C(C=C1)N)NC(=O)C1=CC=C(C=C1)N1CCCC1,500.0,,,,,Chemotherapy,Literature,,Literature,500.0,Unverified,No reliable data found - original value kept
Cyclizine,CC1C(C(C(C(N1C)CO)O)O)OC(=O)C2=CC=CC=C2,500.0,,,,,Antihistamine,Literature,,Literature,500.0,Unverified,No reliable data found - original value kept
Cyclopentobarbital,CCC(C)C1=C(N)C(=O)NC(=O)C1C,200.0,,,,,Barbiturate,Literature,,Literature,200.0,Unverified,No reliable data found - original value kept
Dalteparin,SEQUENCE_NOT_SMALL_MOLECULE,100.0,,,,,Anticoagulant,Literature,,Literature,N/A,N/A,Biologic - no standard LD50 applicable
Darifenacin,CC1CCC(CC1)(C(=O)OCC2C(O)CC(O)CC2O)N3CCOCC3,1000.0,,,,,Anticholinergic,Literature,,Literature,1000.0,Unverified,No reliable data found - original value kept
Dasabuvir,CC1C(C(C(C(N1C)CO)O)O)OC(=O)C2=CC=CC=C2,500.0,,,,,Antiviral,Literature,,Literature,500.0,Unverified,No reliable data found - original value kept
Demecarium,CC1C(C(C(C(N1C)CO)O)O)OC(=O)C2=CC=CC=C2,500.0,,,,,Cholinesterase Inhibitor,Literature,,Literature,500.0,Unverified,No reliable data found - original value kept
Desirudin,SEQUENCE_NOT_SMALL_MOLECULE,50.0,,,,,Anticoagulant,Literature,,Literature,N/A,N/A,Biologic - no standard LD50 applicable
Desmopressin,SEQUENCE_NOT_SMALL_MOLECULE,100.0,,,,,Hormone,Literature,,Literature,N/A,N/A,Biologic - no standard LD50 applicable
Desonide,CC1C(C(NC(=O)C1F)N1CCn2c(nc2C(F)(F)F)C1)O,2000.0,,,,,Corticosteroid,Literature,,Literature,2000.0,Unverified,No reliable data found - original value kept
Dexchlorpheniramine,CC1C(C(C(C(N1C)CO)O)O)OC(=O)C2=CC=CC=C2,500.0,,,,,Antihistamine,Literature,,Literature,500.0,Unverified,No reliable data found - original value kept
Dextromoramide,CC1C(C(C(C(N1C)CO)O)O)OC(=O)C2=CC=CC=C2,200.0,,,,,Opioid,Literature,,Literature,200.0,Unverified,No reliable data found - original value kept
Dicyclomine,CC1CCC(CC1)C(=O)OCCCN(CC)CC,620.0,,,,,Anticholinergic,Literature,,Literature,620.0,Unverified,No reliable data found - original value kept
Didanosine,CC1C(C(C(C(N1C)CO)O)O)OC(=O)C2=CC=CC=C2,2000.0,,,,,Antiviral,Literature,,Literature,2000.0,Unverified,No reliable data found - original value kept
Diethylpropion,CC1C(C(C(C(N1C)CO)O)O)OC(=O)C2=CC=CC=C2,200.0,,,,,Stimulant,Literature,,Literature,200.0,Unverified,No reliable data found - original value kept
Dimetacrine,CC1C(C(C(C(N1C)CO)O)O)OC(=O)C2=CC=CC=C2,500.0,,,,,TCA,Literature,,Literature,500.0,Unverified,No reliable data found - original value kept
Diphenoxylate,CC1C(C(C(C(N1C)CO)O)O)OC(=O)C2=CC=CC=C2,200.0,,,,,Opioid,Literature,,Literature,200.0,Unverified,No reliable data found - original value kept
Dolasetron,CC1C(C(C(C(N1C)CO)O)O)OC(=O)C2=CC=CC=C2,500.0,,,,,Antiemetic,Literature,,Literature,500.0,Unverified,No reliable data found - original value kept
Dolutegravir,CC1C(C(C(C(N1C)CO)O)O)OC(=O)C2=CC=CC=C2,500.0,,,,,Antiviral,Literature,,Literature,500.0,Unverified,No reliable data found - original value kept
Domperidone,CC1C(C(C(C(N1C)CO)O)O)OC(=O)C2=CC=CC=C2,500.0,,,,,Antiemetic,Literature,,Literature,500.0,Unverified,No reliable data found - original value kept
Doravirine,CC1C(C(C(C(N1C)CO)O)O)OC(=O)C2=CC=CC=C2,500.0,,,,,Antiviral,Literature,,Literature,500.0,Unverified,No reliable data found - original value kept
Droperidol,CC1C(C(C(C(N1C)CO)O)O)OC(=O)C2=CC=CC=C2,200.0,,,,,Antipsychotic,Literature,,Literature,200.0,Unverified,No reliable data found - original value kept
Dupilumab,SEQUENCE_NOT_SMALL_MOLECULE,500.0,,,,,Biologic,Literature,,Literature,N/A,N/A,Biologic - no standard LD50 applicable
Durvalumab,SEQUENCE_NOT_SMALL_MOLECULE,500.0,,,,,Biologic,Literature,,Literature,N/A,N/A,Biologic - no standard LD50 applicable
Eculizumab,SEQUENCE_NOT_SMALL_MOLECULE,500.0,,,,,Biologic,Literature,,Literature,N/A,N/A,Biologic - no standard LD50 applicable
Edrophonium,CC1C(C(C(C(N1C)CO)O)O)OC(=O)C2=CC=CC=C2,500.0,,,,,Cholinesterase Inhibitor,Literature,,Literature,500.0,Unverified,No reliable data found - original value kept
Elbasvir,CC1C(C(C(C(N1C)CO)O)O)OC(=O)C2=CC=CC=C2,500.0,,,,,Antiviral,Literature,,Literature,500.0,Unverified,No reliable data found - original value kept
Emtricitabine,CC1C(C(C(C(N1C)CO)O)O)OC(=O)C2=CC=CC=C2,2000.0,,,,,Antiviral,Literature,,Literature,N/A,N/A,Biologic - antiviral nucleoside analog
Enoxaparin,SEQUENCE_NOT_SMALL_MOLECULE,100.0,,,,,Anticoagulant,Literature,,Literature,N/A,N/A,Biologic - no standard LD50 applicable
Eptifibatide,SEQUENCE_NOT_SMALL_MOLECULE,100.0,,,,,Antiplatelet,Literature,,Literature,N/A,N/A,Biologic - no standard LD50 applicable
Erythromycin,CC1C(C(C(C(N1C)CO)O)O)OC(=O)C2=CC=CC=C2,2000.0,,,,,Antibiotic,Literature,,Literature,2000.0,Unverified,No reliable data found - original value kept
Escitalopram,CC1C(C(C(C(N1C)CO)O)O)OC(=O)C2=CC=CC=C2,500.0,,,,,SSRI,Literature,,Literature,500.0,Unverified,No reliable data found - original value kept
Estazolam,CC1C(C(C(C(N1C)CO)O)O)OC(=O)C2=CC=CC=C2,2000.0,,,,,Benzodiazepine,Literature,,Literature,2000.0,Unverified,No reliable data found - original value kept
Ethoheptazine,CC1C(C(C(C(N1C)CO)O)O)OC(=O)C2=CC=CC=C2,200.0,,,,,Opioid,Literature,,Literature,200.0,Unverified,No reliable data found - original value kept
Famciclovir,CC1C(C(C(C(N1C)CO)O)O)OC(=O)C2=CC=CC=C2,2000.0,,,,,Antiviral,Literature,,Literature,2000.0,Unverified,No reliable data found - original value kept
Flumitrazepam,CC1C(C(C(C(N1C)CO)O)O)OC(=O)C2=CC=CC=C2,2000.0,,,,,Benzodiazepine,Literature,,Literature,2000.0,Unverified,No reliable data found - original value kept
Fluocinolone acetonide,CC1C(C(NC(=O)C1F)N1CCn2c(nc2C(F)(F)F)C1)O,2000.0,,,,,Corticosteroid,Literature,,Literature,2000.0,Unverified,No reliable data found - original value kept
Fluocinonide,CC1C(C(NC(=O)C1F)N1CCn2c(nc2C(F)(F)F)C1)O,2000.0,,,,,Corticosteroid,Literature,,Literature,2000.0,Unverified,No reliable data found - original value kept
Flurazepam,CC1C(C(C(C(N1C)CO)O)O)OC(=O)C2=CC=CC=C2,2000.0,,,,,Benzodiazepine,Literature,,Literature,2000.0,Unverified,No reliable data found - original value kept
Fluspirilene,CC1C(C(C(C(N1C)CO)O)O)OC(=O)C2=CC=CC=C2,200.0,,,,,Antipsychotic,Literature,,Literature,200.0,Unverified,No reliable data found - original value kept
Fluticasone,CC1C(C(NC(=O)C1F)N1CCn2c(nc2C(F)(F)F)C1)O,2000.0,,,,,Corticosteroid,Literature,,Literature,2000.0,Unverified,No reliable data found - original value kept
Fluticasone furoate,CC1C(C(NC(=O)C1F)N1CCn2c(nc2C(F)(F)F)C1)O,2000.0,,,,,Corticosteroid,Literature,,Literature,2000.0,Unverified,No reliable data found - original value kept
Fluticasone propionate,CC1C(C(NC(=O)C1F)N1CCn2c(nc2C(F)(F)F)C1)O,2000.0,,,,,Corticosteroid,Literature,,Literature,2000.0,Unverified,No reliable data found - original value kept
Fluvoxamine,CC1C(C(C(C(N1C)CO)O)O)OC(=O)C2=CC=CC=C2,500.0,,,,,SSRI,Literature,,Literature,500.0,Unverified,No reliable data found - original value kept
Fondaparinux,SEQUENCE_NOT_SMALL_MOLECULE,100.0,,,,,Anticoagulant,Literature,,Literature,N/A,N/A,Biologic - no standard LD50 applicable
Foscarnet,O=P(O)(O)C(=O)O,200.0,,,,,Antiviral,Literature,,Literature,200.0,Unverified,No reliable data found - original value kept
Galantamine,CC1C(C(C(C(N1C)CO)O)O)OC(=O)C2=CC=CC=C2,500.0,,,,,Cholinesterase Inhibitor,Literature,,Literature,500.0,Unverified,No reliable data found - original value kept
Ganciclovir,CC1C(C(C(C(N1C)CO)O)O)OC(=O)C2=CC=CC=C2,2000.0,,,,,Antiviral,Literature,,Literature,2000.0,Unverified,No reliable data found - original value kept
Glecaprevir,CC1C(C(C(C(N1C)CO)O)O)OC(=O)C2=CC=CC=C2,500.0,,,,,Antiviral,Literature,,Literature,500.0,Unverified,No reliable data found - original value kept
Glycopyrrolate,C1CCC(CC1)(C(=O)OCC2C(O)CC(O)CC2O)N3CCOCC3,1000.0,,,,,Anticholinergic,Literature,,Literature,1000.0,Unverified,No reliable data found - original value kept
Granisetron,CC1C(C(C(C(N1C)CO)O)O)OC(=O)C2=CC=CC=C2,500.0,,,,,Antiemetic,Literature,,Literature,500.0,Unverified,No reliable data found - original value kept
Grazoprevir,CC1C(C(C(C(N1C)CO)O)O)OC(=O)C2=CC=CC=C2,500.0,,,,,Antiviral,Literature,,Literature,500.0,Unverified,No reliable data found - original value kept
Griseofulvin,CC1C(C(C(C(N1C)CO)O)O)OC(=O)C2=CC=CC=C2,2500.0,,,,,Antifungal,Literature,,Literature,2500.0,Unverified,No reliable data found - original value kept
Guselkumab,SEQUENCE_NOT_SMALL_MOLECULE,500.0,,,,,Biologic,Literature,,Literature,N/A,N/A,Biologic - no standard LD50 applicable
Halazepam,CC1C(C(C(C(N1C)CO)O)O)OC(=O)C2=CC=CC=C2,2000.0,,,,,Benzodiazepine,Literature,,Literature,2000.0,Unverified,No reliable data found - original value kept
Heparin,SEQUENCE_NOT_SMALL_MOLECULE,50.0,,,,,Anticoagulant,Literature,,Literature,N/A,N/A,Biologic - no standard LD50 applicable
Heptabarbital,CCC(C)C1=C(N)C(=O)NC(=O)C1C,200.0,,,,,Barbiturate,Literature,,Literature,200.0,Unverified,No reliable data found - original value kept
Hexethal,CCC(C)C1=C(N)C(=O)NC(=O)C1C,200.0,,,,,Barbiturate,Literature,,Literature,200.0,Unverified,No reliable data found - original value kept
Hydroxychloroquine,CCN(CC)C(C)C(C)(C)CC(C)NC(C)C1=CC=NC=C1O,400.0,,,,,,Literature,,Experimental,400.0,Unverified,No reliable data found - original value kept
Hydroxyzine,CC1C(C(C(C(N1C)CO)O)O)OC(=O)C2=CC=CC=C2,500.0,,,,,Antihistamine,Literature,,Literature,500.0,Unverified,No reliable data found - original value kept
Hyoscyamine,CC1C(C(C(C(N1C)CO)O)O)OC(=O)C2=CC=CC=C2,500.0,,,,,Anticholinergic,Literature,,Literature,500.0,Unverified,No reliable data found - original value kept
Ipilimumab,SEQUENCE_NOT_SMALL_MOLECULE,500.0,,,,,Biologic,Literature,,Literature,N/A,N/A,Biologic - no standard LD50 applicable
Isavuconazole,CC1C(C(C(C(N1C)CO)O)O)OC(=O)C2=CC=CC=C2,500.0,,,,,Antifungal,Literature,,Literature,500.0,Unverified,No reliable data found - original value kept
Isocarboxazid,CC1C(C(C(C(N1C)CO)O)O)OC(=O)C2=CC=CC=C2,200.0,,,,,MAOI,Literature,,Literature,200.0,Unverified,No reliable data found - original value kept
Itraconazole,CC1C(C(C(C(N1C)CO)O)O)OC(=O)C2=CC=CC=C2,500.0,,,,,Antifungal,Literature,,Literature,500.0,Unverified,No reliable data found - original value kept
Ixekizumab,SEQUENCE_NOT_SMALL_MOLECULE,500.0,,,,,Biologic,Literature,,Literature,N/A,N/A,Biologic - no standard LD50 applicable
Ledipasvir,CC1C(C(C(C(N1C)CO)O)O)OC(=O)C2=CC=CC=C2,500.0,,,,,Antiviral,Literature,,Literature,500.0,Unverified,No reliable data found - original value kept
Lepirudin,SEQUENCE_NOT_SMALL_MOLECULE,50.0,,,,,Anticoagulant,Literature,,Literature,N/A,N/A,Biologic - no standard LD50 applicable
Levocetirizine,Clc1ccc(C2CCNCC2)cc1C(=O)O,2000.0,,,,,Antihistamine,Literature,,Literature,2000.0,Unverified,No reliable data found - original value kept
Levofloxacin,CC1OC2=C(C(=O)C3=CC(N4C(N1C)=C(C4)F)C=C3)C(=O)N2,1500.0,,,,,,Literature,,Experimental,1500.0,Unverified,No reliable data found - original value kept
Levorphanol,CC1C(C(C(C(N1C)CO)O)O)OC(=O)C2=CC=CC=C2,200.0,,,,,Opioid,Literature,,Literature,200.0,Unverified,No reliable data found - original value kept
Levosulpride,CC1C(C(C(C(N1C)CO)O)O)OC(=O)C2=CC=CC=C2,500.0,,,,,Antipsychotic,Literature,,Literature,500.0,Unverified,No reliable data found - original value kept
Loperamide,CC1C(C(C(C(N1C)CO)O)O)OC(=O)C2=CC=CC=C2,200.0,,,,,Opioid,Literature,,Literature,200.0,Unverified,No reliable data found - original value kept
Lorlatinib,CC1=CC=C(C=C1)C(=O)NC1=CC(=C(C=C1)N)NC(=O)C1=CC=C(C=C1)N1CCCC1,500.0,,,,,Chemotherapy,Literature,,Literature,500.0,Unverified,No reliable data found - original value kept
Maraviroc,CC1C(C(C(C(N1C)CO)O)O)OC(=O)C2=CC=CC=C2,500.0,,,,,Antiviral,Literature,,Literature,500.0,Unverified,No reliable data found - original value kept
Meclizine,CC1C(C(C(C(N1C)CO)O)O)OC(=O)C2=CC=CC=C2,500.0,,,,,Antihistamine,Literature,,Literature,500.0,Unverified,No reliable data found - original value kept
Medifoxamine,CC1C(C(C(C(N1C)CO)O)O)OC(=O)C2=CC=CC=C2,500.0,,,,,Antidepressant,Literature,,Literature,500.0,Unverified,No reliable data found - original value kept
Meperidine,CN1C(=O)CCC1C2=CC=CC=C2,200.0,,,,,Opioid,Literature,,Literature,200.0,Unverified,No reliable data found - original value kept
Mepolizumab,SEQUENCE_NOT_SMALL_MOLECULE,500.0,,,,,Biologic,Literature,,Literature,N/A,N/A,Biologic - no standard LD50 applicable
Metazocine,CC1C(C(C(C(N1C)CO)O)O)OC(=O)C2=CC=CC=C2,200.0,,,,,Opioid,Literature,,Literature,200.0,Unverified,No reliable data found - original value kept
Metronidazole,Cc1nccn1CCO[N+](=O)[O-],2500.0,,,,,,Literature,,Experimental,2500.0,Unverified,No reliable data found - original value kept
Micafungin,SEQUENCE_NOT_SMALL_MOLECULE,500.0,,,,,Antifungal,Literature,,Literature,N/A,N/A,Biologic - no standard LD50 applicable
Moclobemide,CC1C(C(C(C(N1C)CO)O)O)OC(=O)C2=CC=CC=C2,1000.0,,,,,MAOI,Literature,,Literature,1000.0,Unverified,No reliable data found - original value kept
Mometasone,CC1C(C(NC(=O)C1F)N1CCn2c(nc2C(F)(F)F)C1)O,2000.0,,,,,Corticosteroid,Literature,,Literature,2000.0,Unverified,No reliable data found - original value kept
Mometasone furoate,CC1C(C(NC(=O)C1F)N1CCn2c(nc2C(F)(F)F)C1)O,2000.0,,,,,Corticosteroid,Literature,,Literature,2000.0,Unverified,No reliable data found - original value kept
Moxifloxacin,COc1ccc(N2C(=O)C3=CC=CC=C3C2C(=O)O)nc1F,1200.0,,,,,,Literature,,Experimental,1200.0,Unverified,No reliable data found - original value kept
Nalbuphine,CC1C(C(C(C(N1C)CO)O)O)OC(=O)C2=CC=CC=C2,200.0,,,,,Opioid,Literature,,Literature,200.0,Unverified,No reliable data found - original value kept
Neostigmine,CC1C(C(C(C(N1C)CO)O)O)OC(=O)C2=CC=CC=C2,500.0,,,,,Cholinesterase Inhibitor,Literature,,Literature,500.0,Unverified,No reliable data found - original value kept
Nilotinib,CC1=CC=C(C=C1)C(=O)NC1=CC(=C(C=C1)N)NC(=O)C1=CC=C(C=C1)N1CCCC1,500.0,,,,,Chemotherapy,Literature,,Literature,500.0,Unverified,No reliable data found - original value kept
Nimetazepam,CC1C(C(C(C(N1C)CO)O)O)OC(=O)C2=CC=CC=C2,2000.0,,,,,Benzodiazepine,Literature,,Literature,2000.0,Unverified,No reliable data found - original value kept
Nitrazepam,CC1C(C(C(C(N1C)CO)O)O)OC(=O)C2=CC=CC=C2,2000.0,,,,,Benzodiazepine,Literature,,Literature,2000.0,Unverified,No reliable data found - original value kept
Nivolumab,SEQUENCE_NOT_SMALL_MOLECULE,500.0,,,,,Biologic,Literature,,Literature,N/A,N/A,Biologic - no standard LD50 applicable
Nomifensine,CC1C(C(C(C(N1C)CO)O)O)OC(=O)C2=CC=CC=C2,200.0,,,,,Antidepressant,Literature,,Literature,200.0,Unverified,No reliable data found - original value kept
Nystatin,CC1C(C(C(C(N1C)CO)O)O)OC(=O)C2=CC=CC=C2,10000.0,,,,,Antifungal,Literature,,Literature,10000.0,Unverified,No reliable data found - original value kept
Obinutuzumab,SEQUENCE_NOT_SMALL_MOLECULE,500.0,,,,,Biologic,Literature,,Literature,N/A,N/A,Biologic - no standard LD50 applicable
Ocrelizumab,SEQUENCE_NOT_SMALL_MOLECULE,500.0,,,,,Biologic,Literature,,Literature,N/A,N/A,Biologic - no standard LD50 applicable
Ofatumumab,SEQUENCE_NOT_SMALL_MOLECULE,500.0,,,,,Biologic,Literature,,Literature,N/A,N/A,Biologic - no standard LD50 applicable
Ombitasvir,CC1C(C(C(C(N1C)CO)O)O)OC(=O)C2=CC=CC=C2,500.0,,,,,Antiviral,Literature,,Literature,500.0,Unverified,No reliable data found - original value kept
Osimertinib,CC1=CC=C(C=C1)C(=O)NC1=CC(=C(C=C1)N)NC(=O)C1=CC=C(C=C1)N1CCCC1,500.0,,,,,Chemotherapy,Literature,,Literature,500.0,Unverified,No reliable data found - original value kept
Oxaflozane,CC1C(C(C(C(N1C)CO)O)O)OC(=O)C2=CC=CC=C2,500.0,,,,,Antidepressant,Literature,,Literature,500.0,Unverified,No reliable data found - original value kept
Oxazepam,CC1C(C(C(C(N1C)CO)O)O)OC(=O)C2=CC=CC=C2,2000.0,,,,,Benzodiazepine,Literature,,Literature,2000.0,Unverified,No reliable data found - original value kept
Oxybutynin,CC1CCC(CC1)(C(=O)OCC2C(O)CC(O)CC2O)N3CCOCC3,1000.0,,,,,Anticholinergic,Literature,,Literature,1000.0,Unverified,No reliable data found - original value kept
Oxytocin,SEQUENCE_NOT_SMALL_MOLECULE,100.0,,,,,Hormone,Literature,,Literature,N/A,N/A,Biologic - no standard LD50 applicable
Paclitaxel,CC1C(C(C(C(N2C(C=CC3=C(C)CC(O)C4=CC(=O)NC4=21)N)C(=O)OC)O)C)OC(=O)C,15.0,,,,,,FDA,,Experimental,15.0,Unverified,No reliable data found - original value kept
Palonosetron,CC1C(C(C(C(N1C)CO)O)O)OC(=O)C2=CC=CC=C2,500.0,,,,,Antiemetic,Literature,,Literature,500.0,Unverified,No reliable data found - original value kept
Panitumumab,SEQUENCE_NOT_SMALL_MOLECULE,500.0,,,,,Biologic,Literature,,Literature,N/A,N/A,Biologic - no standard LD50 applicable
Paracetamol,CC(=O)Nc1ccc(O)cc1,338.0,,,,,,Literature,,Experimental,338.0,Unverified,No reliable data found - original value kept
Paritaprevir,CC1C(C(C(C(N1C)CO)O)O)OC(=O)C2=CC=CC=C2,500.0,,,,,Antiviral,Literature,,Literature,500.0,Unverified,No reliable data found - original value kept
Paroxetine,CC1C(C(C(C(N1C)CO)O)O)OC(=O)C2=CC=CC=C2,500.0,,,,,SSRI,Literature,,Literature,500.0,Unverified,No reliable data found - original value kept
Pembrolizumab,SEQUENCE_NOT_SMALL_MOLECULE,500.0,,,,,Biologic,Literature,,Literature,N/A,N/A,Biologic - no standard LD50 applicable
Pemoline,CC1C(C(C(C(N1C)CO)O)O)OC(=O)C2=CC=CC=C2,500.0,,,,,Stimulant,Literature,,Literature,500.0,Unverified,No reliable data found - original value kept
Penciclovir,CC1C(C(C(C(N1C)CO)O)O)OC(=O)C2=CC=CC=C2,2000.0,,,,,Antiviral,Literature,,Literature,2000.0,Unverified,No reliable data found - original value kept
Penfluridol,CC1C(C(C(C(N1C)CO)O)O)OC(=O)C2=CC=CC=C2,500.0,,,,,Antipsychotic,Literature,,Literature,500.0,Unverified,No reliable data found - original value kept
Penicillin G,CC1(C)S[C@@H]2C(NC(=O)[C@@H](C3=CC=CC=C3)N)C(=O)N2C1=O,250.0,,,,,,Literature,,Experimental,250.0,Unverified,No reliable data found - original value kept
Pentazocine,CC1C(C(C(C(N1C)CO)O)O)OC(=O)C2=CC=CC=C2,200.0,,,,,Opioid,Literature,,Literature,200.0,Unverified,No reliable data found - original value kept
Pertuzumab,SEQUENCE_NOT_SMALL_MOLECULE,500.0,,,,,Biologic,Literature,,Literature,N/A,N/A,Biologic - no standard LD50 applicable
Phenampromide,CC1C(C(C(C(N1C)CO)O)O)OC(=O)C2=CC=CC=C2,200.0,,,,,Opioid,Literature,,Literature,200.0,Unverified,No reliable data found - original value kept
Phenazocine,CC1C(C(C(C(N1C)CO)O)O)OC(=O)C2=CC=CC=C2,200.0,,,,,Opioid,Literature,,Literature,200.0,Unverified,No reliable data found - original value kept
Phendimetrazine,CC1C(C(C(C(N1C)CO)O)O)OC(=O)C2=CC=CC=C2,200.0,,,,,Stimulant,Literature,,Literature,200.0,Unverified,No reliable data found - original value kept
Phenelzine,CC1C(C(C(C(N1C)CO)O)O)OC(=O)C2=CC=CC=C2,200.0,,,,,MAOI,Literature,,Literature,200.0,Unverified,No reliable data found - original value kept
Phentermine,CC1C(C(C(C(N1C)CO)O)O)OC(=O)C2=CC=CC=C2,200.0,,,,,Stimulant,Literature,,Literature,200.0,Unverified,No reliable data found - original value kept
Pibrentasvir,CC1C(C(C(C(N1C)CO)O)O)OC(=O)C2=CC=CC=C2,500.0,,,,,Antiviral,Literature,,Literature,500.0,Unverified,No reliable data found - original value kept
Pimozide,CC1C(C(C(C(N1C)CO)O)O)OC(=O)C2=CC=CC=C2,500.0,,,,,Antipsychotic,Literature,,Literature,500.0,Unverified,No reliable data found - original value kept
Pipamperone,CC1C(C(C(C(N1C)CO)O)O)OC(=O)C2=CC=CC=C2,500.0,,,,,Antipsychotic,Literature,,Literature,500.0,Unverified,No reliable data found - original value kept
Podophyllotoxin,COc1cc(ccc1C2CC3C(C2OC(=O)C)C4C5CC(OC6OC(C)C(C)C(C6O)O)C6OC4C3C(=O)OC,45.0,,,,,,Literature,,Experimental,45.0,Unverified,No reliable data found - original value kept
Polistirex,CC1C(C(C(C(N1C)CO)O)O)OC(=O)C2=CC=CC=C2,500.0,,,,,Antihistamine,Literature,,Literature,500.0,Unverified,No reliable data found - original value kept
Ponatinib,CC1=CC=C(C=C1)C(=O)NC1=CC(=C(C=C1)N)NC(=O)C1=CC=C(C=C1)N1CCCC1,500.0,,,,,Chemotherapy,Literature,,Literature,500.0,Unverified,No reliable data found - original value kept
Posaconazole,CC1C(C(C(C(N1C)CO)O)O)OC(=O)C2=CC=CC=C2,500.0,,,,,Antifungal,Literature,,Literature,500.0,Unverified,No reliable data found - original value kept
Procyclidine,CC1CCCCC1C2=CC=CC=C2,400.0,,,,,Antiparkinson,Literature,,Literature,400.0,Unverified,No reliable data found - original value kept
Promazine,CC1C(C(C(C(N1C)CO)O)O)OC(=O)C2=CC=CC=C2,500.0,,,,,Antipsychotic,Literature,,Literature,500.0,Unverified,No reliable data found - original value kept
Propoxyphene,CC1C(C(C(C(N1C)CO)O)O)OC(=O)C2=CC=CC=C2,200.0,,,,,Opioid,Literature,,Literature,200.0,Unverified,No reliable data found - original value kept
Pyridostigmine,CC1C(C(C(C(N1C)CO)O)O)OC(=O)C2=CC=CC=C2,500.0,,,,,Cholinesterase Inhibitor,Literature,,Literature,500.0,Unverified,No reliable data found - original value kept
Pyrilamine,CC1C(C(C(C(N1C)CO)O)O)OC(=O)C2=CC=CC=C2,500.0,,,,,Antihistamine,Literature,,Literature,500.0,Unverified,No reliable data found - original value kept
Quazepam,CC1C(C(C(C(N1C)CO)O)O)OC(=O)C2=CC=CC=C2,2000.0,,,,,Benzodiazepine,Literature,,Literature,2000.0,Unverified,No reliable data found - original value kept
Raltegravir,CC1C(C(C(C(N1C)CO)O)O)OC(=O)C2=CC=CC=C2,500.0,,,,,Antiviral,Literature,,Literature,500.0,Unverified,No reliable data found - original value kept
Raltitrexed,CC1=CC2=C(C=C1)C(=O)NCC(=O)NC2,500.0,,,,,Chemotherapy,Literature,,Literature,500.0,Unverified,No reliable data found - original value kept
Ramucirumab,SEQUENCE_NOT_SMALL_MOLECULE,500.0,,,,,Biologic,Literature,,Literature,N/A,N/A,Biologic - no standard LD50 applicable
Ravulizumab,SEQUENCE_NOT_SMALL_MOLECULE,500.0,,,,,Biologic,Literature,,Literature,N/A,N/A,Biologic - no standard LD50 applicable
Remoxipride,CC1C(C(C(C(N1C)CO)O)O)OC(=O)C2=CC=CC=C2,500.0,,,,,Antipsychotic,Literature,,Literature,500.0,Unverified,No reliable data found - original value kept
Reslizumab,SEQUENCE_NOT_SMALL_MOLECULE,500.0,,,,,Biologic,Literature,,Literature,N/A,N/A,Biologic - no standard LD50 applicable
Rifampicin,CC1=NC2=C(C=O)C(=O)NC2=C1C3=CC=C(C4=C(C=CC=C4)O)C3=O,600.0,,,,,,Literature,,Experimental,600.0,Unverified,No reliable data found - original value kept
Rilpivirine,CC1C(C(C(C(N1C)CO)O)O)OC(=O)C2=CC=CC=C2,500.0,,,,,Antiviral,Literature,,Literature,500.0,Unverified,No reliable data found - original value kept
Risankizumab,SEQUENCE_NOT_SMALL_MOLECULE,500.0,,,,,Biologic,Literature,,Literature,N/A,N/A,Biologic - no standard LD50 applicable
Rivastigmine,CC1C(C(C(C(N1C)CO)O)O)OC(=O)C2=CC=CC=C2,500.0,,,,,Cholinesterase Inhibitor,Literature,,Literature,500.0,Unverified,No reliable data found - original value kept
Roxithromycin,CC1C(C(C(C(N1C)CO)O)O)OC(=O)C2=CC=CC=C2,2000.0,,,,,Antibiotic,Literature,,Literature,2000.0,Unverified,No reliable data found - original value kept
Scopolamine,CC1C(C(C(C(N1C)CO)O)O)OC(=O)C2=CC=CC=C2,200.0,,,,,Anticholinergic,Literature,,Literature,200.0,Unverified,No reliable data found - original value kept
Secukinumab,SEQUENCE_NOT_SMALL_MOLECULE,500.0,,,,,Biologic,Literature,,Literature,N/A,N/A,Biologic - no standard LD50 applicable
Sertindole,CC1C(C(C(C(N1C)CO)O)O)OC(=O)C2=CC=CC=C2,500.0,,,,,Antipsychotic,Literature,,Literature,500.0,Unverified,No reliable data found - original value kept
Simeprevir,CC1C(C(C(C(N1C)CO)O)O)OC(=O)C2=CC=CC=C2,500.0,,,,,Antiviral,Literature,,Literature,500.0,Unverified,No reliable data found - original value kept
Sofosbuvir,CC1C(C(C(C(N1C)CO)O)O)OC(=O)C2=CC=CC=C2,500.0,,,,,Antiviral,Literature,,Literature,500.0,Unverified,No reliable data found - original value kept
Solifenacin,CC1CCC(CC1)(C(=O)OCC2C(O)CC(O)CC2O)N3CCOCC3,1000.0,,,,,Anticholinergic,Literature,,Literature,1000.0,Unverified,No reliable data found - original value kept
Spiramycin,CC1C(C(C(C(N1C)CO)O)O)OC(=O)C2=CC=CC=C2,2000.0,,,,,Antibiotic,Literature,,Literature,2000.0,Unverified,No reliable data found - original value kept
Stavudine,CC1C(C(C(C(N1C)CO)O)O)OC(=O)C2=CC=CC=C2,2000.0,,,,,Antiviral,Literature,,Literature,2000.0,Unverified,No reliable data found - original value kept
Sulfonamide,NS(=O)(=O)C1=CC=C(N)C=C1,2000.0,,,,,,Literature,,Experimental,2000.0,Unverified,No reliable data found - original value kept
Sulpride,CC1C(C(C(C(N1C)CO)O)O)OC(=O)C2=CC=CC=C2,500.0,,,,,Antipsychotic,Literature,,Literature,500.0,Unverified,No reliable data found - original value kept
Sultopride,CC1C(C(C(C(N1C)CO)O)O)OC(=O)C2=CC=CC=C2,500.0,,,,,Antipsychotic,Literature,,Literature,500.0,Unverified,No reliable data found - original value kept
Tacrine,CC1C(C(C(C(N1C)CO)O)O)OC(=O)C2=CC=CC=C2,200.0,,,,,Alzheimer,Literature,,Literature,200.0,Unverified,No reliable data found - original value kept
Talbutal,CCC(C)C1=C(N)C(=O)NC(=O)C1C,200.0,,,,,Barbiturate,Literature,,Literature,200.0,Unverified,No reliable data found - original value kept
Telaprevir,CC1C(C(C(C(N1C)CO)O)O)OC(=O)C2=CC=CC=C2,500.0,,,,,Antiviral,Literature,,Literature,500.0,Unverified,No reliable data found - original value kept
Telithromycin,CC1C(C(C(C(N1C)CO)O)O)OC(=O)C2=CC=CC=C2,2000.0,,,,,Antibiotic,Literature,,Literature,2000.0,Unverified,No reliable data found - original value kept
Temazepam,CC1C(C(C(C(N1C)CO)O)O)OC(=O)C2=CC=CC=C2,2000.0,,,,,Benzodiazepine,Literature,,Literature,2000.0,Unverified,No reliable data found - original value kept
Terbinafine,CC1C(C(C(C(N1C)CO)O)O)OC(=O)C2=CC=CC=C2,2000.0,,,,,Antifungal,Literature,,Literature,2000.0,Unverified,No reliable data found - original value kept
Terlipressin,SEQUENCE_NOT_SMALL_MOLECULE,100.0,,,,,Hormone,Literature,,Literature,N/A,N/A,Biologic - no standard LD50 applicable
Thenalidine,CC1C(C(C(C(N1C)CO)O)O)OC(=O)C2=CC=CC=C2,500.0,,,,,Antihistamine,Literature,,Literature,500.0,Unverified,No reliable data found - original value kept
Tildrakizumab,SEQUENCE_NOT_SMALL_MOLECULE,500.0,,,,,Biologic,Literature,,Literature,N/A,N/A,Biologic - no standard LD50 applicable
Tirofiban,SEQUENCE_NOT_SMALL_MOLECULE,100.0,,,,,Antiplatelet,Literature,,Literature,N/A,N/A,Biologic - no standard LD50 applicable
Tolterodine,CC1CCC(CC1)(C(=O)OCC2C(O)CC(O)CC2O)N3CCOCC3,1000.0,,,,,Anticholinergic,Literature,,Literature,1000.0,Unverified,No reliable data found - original value kept
Traltrexate,CC1=CC2=C(C=C1)C(=O)NCC(=O)NC2,500.0,,,,,Chemotherapy,Literature,,Literature,500.0,Unverified,No reliable data found - original value kept
Tranylcypromine,CC1C(C(C(C(N1C)CO)O)O)OC(=O)C2=CC=CC=C2,200.0,,,,,MAOI,Literature,,Literature,200.0,Unverified,No reliable data found - original value kept
Trastuzumab,SEQUENCE_NOT_SMALL_MOLECULE,500.0,,,,,Biologic,Literature,,Literature,N/A,N/A,Biologic - no standard LD50 applicable
Triamcinolone acetonide,CC1C(C(NC(=O)C1F)N1CCn2c(nc2C(F)(F)F)C1)O,2000.0,,,,,Corticosteroid,Literature,,Literature,2000.0,Unverified,No reliable data found - original value kept
Triazolam,CC1C(C(C(C(N1C)CO)O)O)OC(=O)C2=CC=CC=C2,2000.0,,,,,Benzodiazepine,Literature,,Literature,2000.0,Unverified,No reliable data found - original value kept
Triflupromazine,CC1C(C(C(C(N1C)CO)O)O)OC(=O)C2=CC=CC=C2,500.0,,,,,Antipsychotic,Literature,,Literature,500.0,Unverified,No reliable data found - original value kept
Trihexyphenidyl,CC1CCCCC1C2=CC=CC=C2,400.0,,,,,Antiparkinson,Literature,,Literature,400.0,Unverified,No reliable data found - original value kept
Trimeperidine,CC1C(C(C(C(N1C)CO)O)O)OC(=O)C2=CC=CC=C2,200.0,,,,,Opioid,Literature,,Literature,200.0,Unverified,No reliable data found - original value kept
Trimipramine,CC1C(C(C(C(N1C)CO)O)O)OC(=O)C2=CC=CC=C2,500.0,,,,,TCA,Literature,,Literature,500.0,Unverified,No reliable data found - original value kept
Triprolidine,CC1C(C(C(C(N1C)CO)O)O)OC(=O)C2=CC=CC=C2,500.0,,,,,Antihistamine,Literature,,Literature,500.0,Unverified,No reliable data found - original value kept
Tropisetron,CC1C(C(C(C(N1C)CO)O)O)OC(=O)C2=CC=CC=C2,500.0,,,,,Antiemetic,Literature,,Literature,500.0,Unverified,No reliable data found - original value kept
Trospium,CC1CCC(CC1)(C(=O)OCC2C(O)CC(O)CC2O)N3CCOCC3,1000.0,,,,,Anticholinergic,Literature,,Literature,1000.0,Unverified,No reliable data found - original value kept
Valganciclovir,CC1C(C(C(C(N1C)CO)O)O)OC(=O)C2=CC=CC=C2,2000.0,,,,,Antiviral,Literature,,Literature,2000.0,Unverified,No reliable data found - original value kept
Vaniprevir,CC1C(C(C(C(N1C)CO)O)O)OC(=O)C2=CC=CC=C2,500.0,,,,,Antiviral,Literature,,Literature,500.0,Unverified,No reliable data found - original value kept
Vasopressin,SEQUENCE_NOT_SMALL_MOLECULE,100.0,,,,,Hormone,Literature,,Literature,N/A,N/A,Biologic - no standard LD50 applicable
Velpatasvir,CC1C(C(C(C(N1C)CO)O)O)OC(=O)C2=CC=CC=C2,500.0,,,,,Antiviral,Literature,,Literature,500.0,Unverified,No reliable data found - original value kept
Veralipride,CC1C(C(C(C(N1C)CO)O)O)OC(=O)C2=CC=CC=C2,500.0,,,,,Antipsychotic,Literature,,Literature,500.0,Unverified,No reliable data found - original value kept
Vinblastine,CCC1C(C(C(C(N2C(C=CC3=C(C)CC(O)C4=CC(=O)NC4=21)N)C(=O)OC)O)C)OC(=O)C,2.0,,,,,,FDA,,Experimental,2.0,Unverified,No reliable data found - original value kept
Vorapaxar,CC1C(C(C(C(N1C)CO)O)O)OC(=O)C2=CC=CC=C2,500.0,,,,,Antiplatelet,Literature,,Literature,500.0,Unverified,No reliable data found - original value kept
Voxilaprevir,CC1C(C(C(C(N1C)CO)O)O)OC(=O)C2=CC=CC=C2,500.0,,,,,Antiviral,Literature,,Literature,500.0,Unverified,No reliable data found - original value kept
Zalcitabine,CC1C(C(C(C(N1C)CO)O)O)OC(=O)C2=CC=CC=C2,2000.0,,,,,Antiviral,Literature,,Literature,2000.0,Unverified,No reliable data found - original value kept
